id,name,type,start_time,duration,start_latitude,start_longitude,created_at,
15828061738,Strength,strength_training,2024-06-09 11:22:27,1849.77294921875,<null>,<null>,2025-08-07T19:28:44.524Z,
15857574473,Strength,strength_training,2024-06-11 09:35:32,1322862.35.00,<null>,<null>,2025-08-07T19:28:36.522Z,
15883371895,Strength,strength_training,2024-06-12 19:22:00,2083.908935546875,<null>,<null>,2025-08-07T19:28:31.522Z,
15896065710,Strength,strength_training,2024-06-13 13:22:37,932.8079833984375,<null>,<null>,2025-08-07T19:28:26.511Z,
15900158773,Styrketräning,strength_training,2024-06-13 16:51:54,2522,<null>,<null>,2025-08-07T19:28:25.525Z,
15914927758,Strength,strength_training,2024-06-14 19:40:09,1967.779052734375,<null>,<null>,2025-08-07T19:28:22.520Z,
15931232614,Strength,strength_training,2024-06-15 19:15:43,2232.243896484375,<null>,<null>,2025-08-07T19:28:17.514Z,
15943976104,Strength,strength_training,2024-06-16 11:32:59,823.051025390625,<null>,<null>,2025-08-07T19:28:12.524Z,
15964651913,Strength,strength_training,2024-06-17 19:07:43,188.38699340820312,<null>,<null>,2025-08-07T19:28:07.587Z,
15980987096,Strength,strength_training,2024-06-18 15:54:52,26858767.45.00,<null>,<null>,2025-08-07T19:28:00.180Z,
15996955893,Strength,strength_training,2024-06-19 13:48:36,2180.135986328125,<null>,<null>,2025-08-07T19:27:58.286Z,
16015020864,Strength,strength_training,2024-06-20 16:32:33,2315.2958984375,<null>,<null>,2025-08-07T19:27:56.296Z,
16017349706,Strength,strength_training,2024-06-20 18:20:08,6157894.45.00,<null>,<null>,2025-08-07T19:27:55.048Z,
16030764167,Strength,strength_training,2024-06-21 18:37:36,2289.4619140625,<null>,<null>,2025-08-07T19:27:53.976Z,
16047329144,Strength,strength_training,2024-06-22 18:40:29,2473.31591796875,<null>,<null>,2025-08-07T19:27:52.088Z, 
16063560033,Strength,strength_training,2024-06-23 15:33:11,7000873.55.00,<null>,<null>,2025-08-07T19:27:49.326Z,
16096827662,Strength,strength_training,2024-06-25 13:54:19,3895.89501953125,<null>,<null>,2025-08-07T19:13:15.526Z,
16110702158,Strength,strength_training,2024-06-26 11:13:54,1998.178955078125,<null>,<null>,2025-08-07T19:13:08.525Z,
16129069784,Strength,strength_training,2024-06-27 12:28:30,2697.173095703125,<null>,<null>,2025-08-07T19:12:55.528Z,
16143856234,Strength,strength_training,2024-06-28 11:16:39,2584.14892578125,<null>,<null>,2025-08-07T19:12:50.524Z,
16255942806,Strength,strength_training,2024-07-04 13:56:11,173.52999877929688,<null>,<null>,2025-08-07T19:12:31.439Z,
16364847900,Strength,strength_training,2024-07-11 17:13:56,3094.297119140625,<null>,<null>,2025-08-07T19:12:28.697Z,
16379318582,Strength,strength_training,2024-07-12 16:26:15,1980.2989501953125,<null>,<null>,2025-08-07T19:12:26.502Z,
16414998170,Strength,strength_training,2024-07-14 18:23:59,2569.60498046875,<null>,<null>,2025-08-07T19:12:22.993Z,
16430365340,Strength,strength_training,2024-07-15 16:48:21,28485381.55.00,<null>,<null>,2025-08-07T19:12:21.137Z,
16449270847,Strength,strength_training,2024-07-16 19:10:14,2769.014892578125,<null>,<null>,2025-08-07T19:12:18.987Z,
16481324859,Strength,strength_training,2024-07-18 13:42:59,2731.467041015625,<null>,<null>,2025-08-07T19:12:16.299Z,
16498163755,Strength,strength_training,2024-07-19 14:33:19,17937.55.00,<null>,<null>,2025-08-07T19:12:14.380Z,
16515477216,Strength,strength_training,2024-07-20 15:21:07,1963.803955078125,<null>,<null>,2025-08-07T19:12:08.516Z,
16529024072,Strength,strength_training,2024-07-21 10:14:45,3083.177978515625,<null>,<null>,2025-08-07T19:12:03.523Z,
16549496263,Strength,strength_training,2024-07-22 15:33:27,2477.923095703125,<null>,<null>,2025-08-07T19:11:55.517Z,
16566237818,Strength,strength_training,2024-07-23 13:41:33,2487.239013671875,<null>,<null>,2025-08-07T19:11:50.526Z,
16581846364,Strength,strength_training,2024-07-24 14:58:06,3540.407958984375,<null>,<null>,2025-08-07T19:11:45.555Z,
16607000794,Strength,strength_training,2024-07-27 15:02:41,3353.431884765625,<null>,<null>,2025-08-07T19:11:38.530Z,
16615670972,Strength,strength_training,2024-07-28 14:27:32,3233.18505859375,<null>,<null>,2025-08-07T19:11:33.524Z,
16623942425,Strength,strength_training,2024-07-29 14:57:03,2341.943115234375,<null>,<null>,2025-08-07T19:11:26.515Z,
16641968968,Strength,strength_training,2024-07-31 14:35:09,4055.074951171875,<null>,<null>,2025-08-07T19:11:15.272Z,
16676783236,Strength,strength_training,2024-08-04 18:31:52,734.10498046875,<null>,<null>,2025-08-07T19:10:57.563Z,
16703768348,Strength,strength_training,2024-08-07 18:25:29,2865.85888671875,<null>,<null>,2025-08-07T19:10:52.398Z,
16713194264,Strength,strength_training,2024-08-08 21:24:38,1401184.35.00,<null>,<null>,2025-08-07T19:10:51.246Z,
16719985025,Strength,strength_training,2024-08-09 16:48:43,1049.1810302734375,<null>,<null>,2025-08-07T19:10:50.120Z,
16729606248,Strength,strength_training,2024-08-10 19:18:52,1580.02197265625,<null>,<null>,2025-08-07T19:10:45.270Z,
16782933684,Strength,strength_training,2024-08-16 18:48:06,28487521.55.00,<null>,<null>,2025-08-07T19:10:30.701Z,
16800042415,Strength,strength_training,2024-08-18 17:43:30,3458.172119140625,<null>,<null>,2025-08-07T19:10:27.886Z,
16818002314,Strength,strength_training,2024-08-20 17:41:28,4959.7587890625,<null>,<null>,2025-08-07T19:10:23.524Z,
16827117931,Strength,strength_training,2024-08-21 18:09:10,3282.655029296875,<null>,<null>,2025-08-07T19:10:20.216Z,
16836411356,Strength,strength_training,2024-08-22 20:42:48,3367.556884765625,<null>,<null>,2025-08-07T19:10:14.726Z,
16852102396,Strength,strength_training,2024-08-24 16:10:41,2350.6240234375,<null>,<null>,2025-08-07T19:10:07.582Z,
16861265499,Strength,strength_training,2024-08-25 15:45:25,5296.34716796875,<null>,<null>,2025-08-07T19:10:02.480Z,
16869664202,Strength,strength_training,2024-08-26 16:56:12,1394.47900390625,<null>,<null>,2025-08-07T19:09:58.294Z,
16888941513,Strength,strength_training,2024-08-28 18:26:47,6736.39404296875,<null>,<null>,2025-08-07T19:09:53.475Z,
16904889633,Strength,strength_training,2024-08-30 16:49:12,3353.10400390625,<null>,<null>,2025-08-07T19:09:49.908Z,
16923338567,Strength,strength_training,2024-09-01 18:41:24,4423.85498046875,<null>,<null>,2025-08-07T19:09:36.515Z,
16931478728,Strength,strength_training,2024-09-02 16:52:12,699023.35.00,<null>,<null>,2025-08-07T19:09:31.876Z,
16940200186,Strength,strength_training,2024-09-03 14:49:24,3632.946044921875,<null>,<null>,2025-08-07T19:09:28.225Z,
16966273339,Strength,strength_training,2024-09-06 14:12:39,5153.51123046875,<null>,<null>,2025-08-07T19:09:24.280Z,
16975646180,Strength,strength_training,2024-09-07 15:13:20,3558.137939453125,<null>,<null>,2025-08-07T19:09:22.323Z,
16985032081,Strength,strength_training,2024-09-08 15:42:02,3604.090087890625,<null>,<null>,2025-08-07T19:09:19.696Z,
17011728387,Strength,strength_training,2024-09-11 18:34:12,3900.902099609375,<null>,<null>,2025-08-07T19:09:14.651Z,
17026469386,Strength,strength_training,2024-09-13 13:57:07,8891556.45.00,<null>,<null>,2025-08-07T19:09:12.420Z,
17035137799,Strength,strength_training,2024-09-14 14:08:17,5236.89892578125,<null>,<null>,2025-08-07T19:09:09.643Z,
17044184018,Strength,strength_training,2024-09-15 12:49:43,13648637.55.00,<null>,<null>,2025-08-07T19:09:07.513Z,
17061215054,Strength,strength_training,2024-09-17 14:10:41,3718.30908203125,<null>,<null>,2025-08-07T19:09:02.732Z,
17076735942,Strength,strength_training,2024-09-19 10:07:10,3062.076904296875,<null>,<null>,2025-08-07T19:08:56.536Z,
17104526695,Strength,strength_training,2024-09-22 10:48:35,4274871.55.00,<null>,<null>,2025-08-07T19:08:47.512Z,
17128152837,Strength,strength_training,2024-09-25 10:12:20,2734.06396484375,<null>,<null>,2025-08-07T19:08:36.514Z,
17136027871,Strength,strength_training,2024-09-26 10:19:47,856.89697265625,<null>,<null>,2025-08-07T19:08:31.521Z,
17163648832,Strength,strength_training,2024-09-29 16:09:55,18336.25.00,<null>,<null>,2025-08-07T19:08:17.102Z,
17179373236,Strength,strength_training,2024-10-01 14:50:24,4034.281982421875,<null>,<null>,2025-08-07T19:08:13.558Z,
17193524554,Strength,strength_training,2024-10-03 10:09:08,1579.3389892578125,<null>,<null>,2025-08-07T19:08:10.913Z,
17212147932,Strength,strength_training,2024-10-05 13:37:17,7476.6201171875,<null>,<null>,2025-08-07T19:08:06.333Z,
17221148745,Strength,strength_training,2024-10-06 15:03:26,2386.971923828125,<null>,<null>,2025-08-07T19:08:04.429Z,
17253396458,Strength,strength_training,2024-10-10 13:37:22,14817370.55.00,<null>,<null>,2025-08-07T19:07:54.774Z,
17261065654,Strength,strength_training,2024-10-11 14:12:46,7003011.55.00,<null>,<null>,2025-08-07T19:07:44.521Z,
17278338437,Strength,strength_training,2024-10-13 15:05:47,2392.133056640625,<null>,<null>,2025-08-07T19:07:30.524Z,
17294539926,Strength,strength_training,2024-10-15 14:02:49,5271.59521484375,<null>,<null>,2025-08-07T19:07:19.566Z,
17303423703,Strength,strength_training,2024-10-16 15:53:39,4291.22314453125,<null>,<null>,2025-08-07T19:07:14.523Z,
17318060722,Strength,strength_training,2024-10-18 12:10:35,6956.64697265625,<null>,<null>,2025-08-07T19:07:05.891Z,
17335616506,Strength,strength_training,2024-10-20 14:00:16,2708125.55.00,<null>,<null>,2025-08-07T19:06:55.526Z,
17351995522,Strength,strength_training,2024-10-22 14:12:43,3613.736083984375,<null>,<null>,2025-08-07T19:06:40.522Z,
17368608284,Strength,strength_training,2024-10-24 14:10:07,2431.9580078125,<null>,<null>,2025-08-07T19:06:19.515Z,
17376410356,Strength,strength_training,2024-10-25 14:02:08,7647.2568359375,<null>,<null>,2025-08-07T19:06:06.330Z,
17385567197,Strength,strength_training,2024-10-26 18:18:39,5167.06396484375,<null>,<null>,2025-08-07T19:06:03.865Z,
17408142163,Strength,strength_training,2024-10-29 11:28:05,667.5009765625,<null>,<null>,2025-08-07T19:06:01.079Z,
17409910736,Strength,strength_training,2024-10-29 14:06:53,3174.84912109375,<null>,<null>,2025-08-07T19:05:59.920Z,
17426210746,Strength,strength_training,2024-10-31 13:46:25,4532.77880859375,<null>,<null>,2025-08-07T19:05:57.323Z,
17434550773,Strength,strength_training,2024-11-01 15:59:04,4496.43505859375,<null>,<null>,2025-08-07T19:05:55.370Z,
17451819394,Strength,strength_training,2024-11-03 15:07:05,7122.8330078125,<null>,<null>,2025-08-07T19:05:51.637Z,
17473392808,Strength,strength_training,2024-11-06 10:02:19,1147.5040283203125,<null>,<null>,2025-08-07T19:05:45.326Z,
17475648946,Strength,strength_training,2024-11-06 14:09:40,7717655.45.00,<null>,<null>,2025-08-07T19:05:40.522Z,
17483797326,Strength,strength_training,2024-11-07 13:49:28,7128.15.00,<null>,<null>,2025-08-07T19:05:34.526Z,
17492130913,Strength,strength_training,2024-11-08 18:43:41,5179.64404296875,<null>,<null>,2025-08-07T19:05:26.536Z,
17499257516,Strength,strength_training,2024-11-09 15:25:53,1473.7750244140625,<null>,<null>,2025-08-07T19:05:19.522Z,
17500073598,Strength,strength_training,2024-11-09 19:04:24,1233.217041015625,<null>,<null>,2025-08-07T19:05:05.526Z,
17508333931,Strength,strength_training,2024-11-10 17:45:31,2838.777099609375,<null>,<null>,2025-08-07T19:05:00.517Z,
17523317625,Strength,strength_training,2024-11-12 14:03:25,2117.906982421875,<null>,<null>,2025-08-07T19:04:49.189Z,
17531321463,Strength,strength_training,2024-11-13 14:10:47,1212.2960205078125,<null>,<null>,2025-08-07T19:04:46.408Z,
17537424551,Strength,strength_training,2024-11-14 10:21:33,2660.180908203125,<null>,<null>,2025-08-07T19:04:42.366Z,
17539021167,Strength,strength_training,2024-11-14 13:37:54,3234.095947265625,<null>,<null>,2025-08-07T19:04:41.201Z,
17546397677,Strength,strength_training,2024-11-15 14:35:05,698781.35.00,<null>,<null>,2025-08-07T19:04:28.412Z,
17554661340,Strength,strength_training,2024-11-16 14:06:22,7616.5791015625,<null>,<null>,2025-08-07T19:04:26.433Z,
17563366040,Strength,strength_training,2024-11-17 16:23:49,5543.89111328125,<null>,<null>,2025-08-07T19:04:22.617Z,
17578096024,Strength,strength_training,2024-11-19 14:33:07,5852.88623046875,<null>,<null>,2025-08-07T19:04:18.538Z,
17607984180,Strength,strength_training,2024-11-23 18:41:59,4155.48779296875,<null>,<null>,2025-08-07T19:03:59.203Z,
17615728146,Strength,strength_training,2024-11-24 16:55:30,12213748.15.00,<null>,<null>,2025-08-07T19:03:47.521Z,
17630345169,Strength,strength_training,2024-11-26 14:20:22,5635.98486328125,<null>,<null>,2025-08-07T19:03:40.522Z,
17638924664,Strength,strength_training,2024-11-27 18:30:47,31745971.15.00,<null>,<null>,2025-08-07T19:03:34.518Z,
17652783009,Strength,strength_training,2024-11-29 17:59:25,4141375.35.00,<null>,<null>,2025-08-07T19:03:30.684Z,
17660195237,Strength,strength_training,2024-11-30 19:13:13,28485567.55.00,<null>,<null>,2025-08-07T19:03:28.840Z,
17667988209,Strength,strength_training,2024-12-01 17:56:47,4768.3251953125,<null>,<null>,2025-08-07T19:03:26.909Z,
17697020718,Strength,strength_training,2024-12-05 13:30:34,5070.90087890625,<null>,<null>,2025-08-07T19:03:19.938Z,
17718305650,Strength,strength_training,2024-12-08 13:32:39,7223.15.00,<null>,<null>,2025-08-07T19:03:16.304Z,
17747631573,Strength,strength_training,2024-12-12 14:01:56,7210.89501953125,<null>,<null>,2025-08-07T19:03:12.114Z,
17761897153,Strength,strength_training,2024-12-14 17:29:07,1393749.45.00,<null>,<null>,2025-08-07T19:03:10.113Z,
17775266867,Strength,strength_training,2024-12-16 14:06:57,3613.31591796875,<null>,<null>,2025-08-07T19:03:07.925Z,
17782985131,Strength,strength_training,2024-12-17 14:21:57,3682.409912109375,<null>,<null>,2025-08-07T19:03:05.933Z,
17797013892,Strength,strength_training,2024-12-19 13:46:03,4969.90576171875,<null>,<null>,2025-08-07T19:03:03.265Z,
17818220945,Strength,strength_training,2024-12-22 19:06:05,3078.81689453125,<null>,<null>,2025-08-07T19:03:00.628Z,
17845440909,Strength,strength_training,2024-12-26 17:28:30,6708.85400390625,<null>,<null>,2025-08-07T19:02:58.791Z,
17869028999,Strength,strength_training,2024-12-29 15:30:42,6469.8232421875,<null>,<null>,2025-08-07T19:02:56.792Z,
17892413364,Strength,strength_training,2025-01-01 16:12:41,427680.05.00,<null>,<null>,2025-08-07T19:02:54.524Z,
17926883911,Strength,strength_training,2025-01-05 18:17:29,5965.8408203125,<null>,<null>,2025-08-07T19:02:52.617Z,
17943600697,Strength,strength_training,2025-01-07 14:19:51,168967.15.00,<null>,<null>,2025-08-07T19:02:50.655Z,
17951716914,Strength,strength_training,2025-01-08 14:08:17,3907.77294921875,<null>,<null>,2025-08-07T19:02:48.709Z,
17968445339,Strength,strength_training,2025-01-10 14:44:15,1587262.15.00,<null>,<null>,2025-08-07T19:02:45.242Z,
18004662924,Strength,strength_training,2025-01-14 14:06:40,5818.47998046875,<null>,<null>,2025-08-07T19:02:42.499Z,
18022618229,Strength,strength_training,2025-01-16 14:05:00,7225.26.00,<null>,<null>,2025-08-07T19:02:34.522Z,
18030319028,Strength,strength_training,2025-01-17 14:05:00,1283.42.00,<null>,<null>,2025-08-07T19:02:30.526Z,
18064738072,Strength,strength_training,2025-01-21 11:45:58,450.52099609375,<null>,<null>,2025-08-07T19:02:27.526Z,
18092059068,Strength,strength_training,2025-01-24 11:34:37,225059.45.00,<null>,<null>,2025-08-07T19:02:18.516Z,
18109708360,Strength,strength_training,2025-01-26 12:23:20,3601.8349609375,<null>,<null>,2025-08-07T19:02:13.515Z,
18119245206,Strength,strength_training,2025-01-27 15:21:49,7783.5458984375,<null>,<null>,2025-08-07T19:02:07.512Z,
18145751799,Strength,strength_training,2025-01-30 14:58:52,2134.23291015625,<null>,<null>,2025-08-07T19:01:58.140Z,
18154539741,Strength,strength_training,2025-01-31 14:10:28,8443025.35.00,<null>,<null>,2025-08-07T19:01:56.222Z,
18181480432,Strength,strength_training,2025-02-03 14:52:13,5797.2490234375,<null>,<null>,2025-08-07T19:01:54.323Z,
18190682720,Strength,strength_training,2025-02-04 14:39:10,13837796.25.00,<null>,<null>,2025-08-07T19:01:50.518Z,
18200396449,Strength,strength_training,2025-02-05 14:19:40,8398.5830078125,<null>,<null>,2025-08-07T19:01:45.833Z,
18208816914,Strength,strength_training,2025-02-06 13:58:41,4766.4970703125,<null>,<null>,2025-08-07T19:01:39.524Z,
18218175821,Strength,strength_training,2025-02-07 19:05:22,3798.31298828125,<null>,<null>,2025-08-07T19:01:32.517Z,
18243287033,Strength,strength_training,2025-02-10 13:00:10,4509.40283203125,<null>,<null>,2025-08-07T19:01:25.511Z,
18253407272,Strength,strength_training,2025-02-11 14:29:07,6680971.05.00,<null>,<null>,2025-08-07T19:01:20.512Z,
18262871497,Strength,strength_training,2025-02-12 17:42:44,3053.81591796875,<null>,<null>,2025-08-07T19:01:15.537Z,
18270058462,Strength,strength_training,2025-02-13 13:25:56,3117.931884765625,<null>,<null>,2025-08-07T19:01:10.735Z,
18278721752,Strength,strength_training,2025-02-14 14:37:18,843064.45.00,<null>,<null>,2025-08-07T19:01:04.513Z,
18296460873,Strength,strength_training,2025-02-16 14:11:14,3845.6240234375,<null>,<null>,2025-08-07T19:00:59.514Z,
18304009492,Strength,strength_training,2025-02-17 11:09:59,7004329.55.00,<null>,<null>,2025-08-07T19:00:54.634Z,
18314187640,Strength,strength_training,2025-02-18 14:22:58,3703.756103515625,<null>,<null>,2025-08-07T19:00:49.513Z,
18331854834,Strength,strength_training,2025-02-20 13:35:17,4804.55908203125,<null>,<null>,2025-08-07T19:00:42.526Z,
18340666272,Strength,strength_training,2025-02-21 14:16:31,1277963.15.00,<null>,<null>,2025-08-07T19:00:37.512Z,
18350455406,Strength,strength_training,2025-02-22 18:19:03,9110.25.00,<null>,<null>,2025-08-07T19:00:31.521Z,
18359941187,Strength,strength_training,2025-02-23 17:49:09,6194.69091796875,<null>,<null>,2025-08-07T19:00:26.525Z,
18367640834,Pull,strength_training,2025-02-24 13:54:42,7429.43505859375,<null>,<null>,2025-08-07T19:00:17.525Z,
18373070091,Legs,strength_training,2025-02-25 07:08:21,4803.18212890625,<null>,<null>,2025-08-07T19:00:12.528Z,
18376913796,"Chest, tris",strength_training,2025-02-25 14:14:01,4285.26513671875,<null>,<null>,2025-08-07T19:00:09.523Z,
18395400745,Strength,strength_training,2025-02-27 13:33:16,8636042.05.00,<null>,<null>,2025-08-07T19:00:00.706Z,
18413689221,"Push, shoulders, dl",strength_training,2025-03-01 16:30:38,14820858.55.00,<null>,<null>,2025-08-07T18:59:55.237Z,
18423026229,"Legs, push",strength_training,2025-03-02 15:03:34,10016.4462890625,<null>,<null>,2025-08-07T18:59:53.319Z,
18430968188,Mini push,strength_training,2025-03-03 14:12:57,2523.506103515625,<null>,<null>,2025-08-07T18:59:51.402Z,
18440453333,Strength,strength_training,2025-03-04 14:10:20,3965.346923828125,<null>,<null>,2025-08-07T18:59:49.580Z,
18450331300,"Legs, abs",strength_training,2025-03-05 15:05:44,5755.3662109375,<null>,<null>,2025-08-07T18:59:47.693Z,
18469164452,"Push, shoulders, biceps",strength_training,2025-03-07 16:40:49,13388506.15.00,<null>,<null>,2025-08-07T18:59:43.522Z,
18478757728,Strength,strength_training,2025-03-08 19:07:43,2972.947021484375,<null>,<null>,2025-08-07T18:59:40.544Z,
18496742736,Push legs,strength_training,2025-03-10 14:07:35,6114.8369140625,<null>,<null>,2025-08-07T18:59:38.660Z,
18506839092,Pull ish,strength_training,2025-03-11 13:58:51,1044234.15.00,<null>,<null>,2025-08-07T18:59:36.083Z,
18516317604,Strength,strength_training,2025-03-12 14:59:53,5817.7509765625,<null>,<null>,2025-08-07T18:59:32.514Z,
18524780268,Strength,strength_training,2025-03-13 14:03:43,34672103.45.00,<null>,<null>,2025-08-07T18:59:27.685Z,
18529779724,Strength,strength_training,2025-03-14 06:52:02,4330.56103515625,<null>,<null>,2025-08-07T18:59:21.514Z,
18542192392,Strength,strength_training,2025-03-15 13:06:13,6157172.45.00,<null>,<null>,2025-08-07T18:59:16.516Z,
18552787858,Strength,strength_training,2025-03-16 16:59:01,4850.84619140625,<null>,<null>,2025-08-07T18:59:11.520Z,
18560747789,Strength,strength_training,2025-03-17 14:09:07,8242028.05.00,<null>,<null>,2025-08-07T18:59:06.512Z,
18570753387,Strength,strength_training,2025-03-18 13:58:49,8329.4267578125,<null>,<null>,2025-08-07T18:59:01.513Z,
18580446334,Strength,strength_training,2025-03-19 14:04:02,5703816.35.00,<null>,<null>,2025-08-07T18:58:52.796Z,
18598713719,Strength,strength_training,2025-03-21 14:07:47,8118.55712890625,<null>,<null>,2025-08-07T18:58:44.520Z,
18609114299,Strength,strength_training,2025-03-22 17:28:52,6353.19384765625,<null>,<null>,2025-08-07T18:58:39.515Z,
18616357178,Strength,strength_training,2025-03-23 10:04:24,4007.262939453125,<null>,<null>,2025-08-07T18:58:34.519Z,
18627032601,Strength,strength_training,2025-03-24 14:10:31,13971547.45.00,<null>,<null>,2025-08-07T18:58:29.518Z,
18636955620,Strength,strength_training,2025-03-25 14:18:21,8632254.05.00,<null>,<null>,2025-08-07T18:58:24.513Z,
18647002168,Strength,strength_training,2025-03-26 14:19:32,7428.40087890625,<null>,<null>,2025-08-07T18:58:19.513Z,
18651725089,Strength,strength_training,2025-03-27 06:37:33,2973.702880859375,<null>,<null>,2025-08-07T18:58:13.525Z,
18675411481,Strength,strength_training,2025-03-29 17:46:50,6311.59423828125,<null>,<null>,2025-08-07T18:58:06.530Z,
18685064307,Strength,strength_training,2025-03-30 15:39:44,8519.4599609375,<null>,<null>,2025-08-07T18:58:01.571Z,
18694476491,Strength,strength_training,2025-03-31 17:14:28,7475.48291015625,<null>,<null>,2025-08-07T18:57:56.524Z,
18704693670,Strength,strength_training,2025-04-01 18:07:00,4918.15087890625,<null>,<null>,2025-08-07T18:57:53.691Z,
18713106398,Strength,strength_training,2025-04-02 12:05:51,7822.8310546875,<null>,<null>,2025-08-07T18:57:51.815Z,
18724533866,Strength,strength_training,2025-04-03 18:49:37,20024785.15.00,<null>,<null>,2025-08-07T18:57:49.407Z,
18731779753,Strength,strength_training,2025-04-04 12:42:52,1599772.05.00,<null>,<null>,2025-08-07T18:57:46.513Z,
18743006834,Strength,strength_training,2025-04-05 15:23:17,14039744.55.00,<null>,<null>,2025-08-07T18:57:39.524Z,
18772528666,Strength,strength_training,2025-04-08 15:26:07,6613.48388671875,<null>,<null>,2025-08-07T18:57:28.513Z,
18781568658,Strength,strength_training,2025-04-09 14:18:41,2711.697998046875,<null>,<null>,2025-08-07T18:57:23.521Z,
18791732593,Strength,strength_training,2025-04-10 13:46:33,2451143.15.00,<null>,<null>,2025-08-07T18:57:18.747Z,
18800242488,Strength,strength_training,2025-04-11 14:11:41,12814.25.00,<null>,<null>,2025-08-07T18:57:12.525Z,
18810618555,Strength,strength_training,2025-04-12 15:28:31,5344.73779296875,<null>,<null>,2025-08-07T18:57:07.511Z,
18820341077,Strength,strength_training,2025-04-13 13:49:01,35325764.25.00,<null>,<null>,2025-08-07T18:57:02.514Z,
18829448701,Strength,strength_training,2025-04-14 14:56:17,4776.73291015625,<null>,<null>,2025-08-07T18:56:56.067Z,
18839472535,Strength,strength_training,2025-04-15 14:22:46,76009.25.00,<null>,<null>,2025-08-07T18:56:54.163Z,
18858195514,Strength,strength_training,2025-04-17 13:40:54,15212247.55.00,<null>,<null>,2025-08-07T18:56:49.711Z,
18868173715,Strength,strength_training,2025-04-18 17:03:37,770271.45.00,<null>,<null>,2025-08-07T18:56:43.524Z,
18877518945,Strength,strength_training,2025-04-19 16:13:45,6251.6669921875,<null>,<null>,2025-08-07T18:56:38.523Z,
18886753633,Strength,strength_training,2025-04-20 15:22:44,14168665.15.00,<null>,<null>,2025-08-07T18:56:31.513Z,
18896252724,Strength,strength_training,2025-04-21 15:00:18,5664.7431640625,<null>,<null>,2025-08-07T18:56:26.521Z,
18906147538,Strength,strength_training,2025-04-22 14:12:50,2708517.55.00,<null>,<null>,2025-08-07T18:56:21.514Z,
18915642959,Strength,strength_training,2025-04-23 14:08:08,1315.68994140625,<null>,<null>,2025-08-07T18:56:16.517Z,
18917374392,Strength,strength_training,2025-04-23 17:53:17,5320.19482421875,<null>,<null>,2025-08-07T18:56:10.523Z,
18925837364,Strength,strength_training,2025-04-24 13:55:38,12280452.25.00,<null>,<null>,2025-08-07T18:56:05.525Z,
18944995718,Strength,strength_training,2025-04-26 15:24:47,7909.5791015625,<null>,<null>,2025-08-07T18:55:58.524Z,
18955754727,Strength,strength_training,2025-04-27 14:53:20,6903.4091796875,<null>,<null>,2025-08-07T18:55:53.516Z,
18964695231,Strength,strength_training,2025-04-28 13:59:58,7212.5087890625,<null>,<null>,2025-08-07T18:55:48.517Z,
18976649322,Strength,strength_training,2025-04-29 17:35:33,5373.47509765625,<null>,<null>,2025-08-07T18:55:43.515Z,
18985916400,Strength,strength_training,2025-04-30 14:59:41,4406.3837890625,<null>,<null>,2025-08-07T18:55:37.519Z,
18996894027,Strength,strength_training,2025-05-01 13:59:34,6478.8388671875,<null>,<null>,2025-08-07T18:55:32.512Z,
19017578553,Strength,strength_training,2025-05-03 17:36:38,12996774.15.00,<null>,<null>,2025-08-07T18:55:23.512Z,
19027519714,Strength,strength_training,2025-05-04 17:48:54,5376.48681640625,<null>,<null>,2025-08-07T18:55:18.523Z,
19035446074,Strength,strength_training,2025-05-05 13:52:12,4054.89794921875,<null>,<null>,2025-08-07T18:55:13.516Z,
19045624300,Strength,strength_training,2025-05-06 14:07:38,3834.72998046875,<null>,<null>,2025-08-07T18:55:08.526Z,
19057489263,Strength,strength_training,2025-05-07 19:19:03,3517.3330078125,<null>,<null>,2025-08-07T18:55:00.517Z,
19066087077,Strength,strength_training,2025-05-08 14:59:05,2473.093017578125,<null>,<null>,2025-08-07T18:54:55.528Z,
19075832609,Strength,strength_training,2025-05-09 14:23:18,54579.05.00,<null>,<null>,2025-08-07T18:54:50.515Z,
19096771337,Strength,strength_training,2025-05-11 18:49:17,4013.52294921875,<null>,<null>,2025-08-07T18:54:43.513Z,
19106366573,Strength,strength_training,2025-05-12 17:34:06,3711.39794921875,<null>,<null>,2025-08-07T18:54:36.523Z,
19117372526,Strength,strength_training,2025-05-13 17:56:18,4518.81884765625,<null>,<null>,2025-08-07T18:54:31.513Z,
19127515600,Strength,strength_training,2025-05-14 16:26:48,3839.35498046875,<null>,<null>,2025-08-07T18:54:25.522Z,
19137833963,Strength,strength_training,2025-05-15 18:28:04,2335.360107421875,<null>,<null>,2025-08-07T18:54:20.513Z,
19146259366,Strength,strength_training,2025-05-16 16:03:24,282681.55.00,<null>,<null>,2025-08-07T18:54:15.553Z,
19155755195,Strength,strength_training,2025-05-17 14:38:12,3820.637939453125,<null>,<null>,2025-08-07T18:54:10.526Z,
19167267044,Strength,strength_training,2025-05-18 17:43:17,978171.05.00,<null>,<null>,2025-08-07T18:54:05.512Z,
19187867176,Strength,strength_training,2025-05-20 19:03:15,2731.09912109375,<null>,<null>,2025-08-07T18:53:58.516Z,
19196637757,Strength,strength_training,2025-05-21 14:32:30,5120.7529296875,<null>,<null>,2025-08-07T18:53:52.515Z,
19206011173,Strength,strength_training,2025-05-22 13:43:17,6711.76416015625,<null>,<null>,2025-08-07T18:53:47.522Z,
19215295592,Strength,strength_training,2025-05-23 14:32:21,5595.23388671875,<null>,<null>,2025-08-07T18:53:42.522Z,
19225588539,Strength,strength_training,2025-05-24 18:34:40,5074.27197265625,<null>,<null>,2025-08-07T18:53:37.520Z,
19245318936,Strength,strength_training,2025-05-26 16:36:25,3883.697998046875,<null>,<null>,2025-08-07T18:53:32.514Z,
19245318997,Strength,strength_training,2025-05-26 17:01:32,6641.64892578125,<null>,<null>,2025-08-07T18:53:29.566Z,
19253664935,Strength,strength_training,2025-05-27 14:05:04,3456.403076171875,<null>,<null>,2025-08-07T18:53:24.519Z,
19272315493,Strength,strength_training,2025-05-29 11:43:39,2741.14111328125,<null>,<null>,2025-08-07T18:53:16.526Z,
19305226489,Strength,strength_training,2025-06-01 13:58:55,12086475.55.00,<null>,<null>,2025-08-07T18:53:07.517Z,
19305227259,Strength,strength_training,2025-06-01 16:59:26,5469.6240234375,<null>,<null>,2025-08-07T18:53:06.521Z,
19314349203,Strength,strength_training,2025-06-02 13:28:21,7203.36083984375,<null>,<null>,2025-08-07T18:53:01.526Z,
19332930977,Strength,strength_training,2025-06-04 10:29:20,7822.4677734375,<null>,<null>,2025-08-07T18:52:56.524Z,
19343610420,Strength,strength_training,2025-06-05 12:44:25,3602.675048828125,<null>,<null>,2025-08-07T18:52:51.513Z,
19354936137,Strength,strength_training,2025-06-06 19:34:13,3243.8349609375,<null>,<null>,2025-08-07T18:52:46.749Z,
19364470682,Strength,strength_training,2025-06-07 18:50:06,3577.7041015625,<null>,<null>,2025-08-07T18:52:40.525Z,
19374558365,Strength,strength_training,2025-06-08 18:57:33,2481.010009765625,<null>,<null>,2025-08-07T18:52:35.519Z,
19415182037,Strength,strength_training,2025-06-12 15:10:55,5841.5439453125,<null>,<null>,2025-08-07T18:52:26.511Z,
19421580177,Strength,strength_training,2025-06-13 09:51:49,2379.614013671875,<null>,<null>,2025-08-07T18:52:25.529Z,
19444770480,Strength,strength_training,2025-06-15 14:59:46,7436.05908203125,<null>,<null>,2025-08-07T18:52:24.525Z,
19476409707,Strength,strength_training,2025-06-18 18:01:17,5640.9970703125,<null>,<null>,2025-08-07T18:52:21.512Z,
19495479590,Strength,strength_training,2025-06-19 20:19:21,4653.3779296875,<null>,<null>,2025-08-07T18:52:18.515Z,
19522659576,Strength,strength_training,2025-06-23 09:01:13,5634788.25.00,<null>,<null>,2025-08-07T18:52:06.519Z,
19525743795,Strength,strength_training,2025-06-23 17:42:05,2843.116943359375,<null>,<null>,2025-08-07T18:51:55.519Z,
19536213306,Strength,strength_training,2025-06-24 17:14:49,28489259.55.00,<null>,<null>,2025-08-07T18:51:50.514Z,
19546351618,Strength,strength_training,2025-06-25 17:47:15,2780.23095703125,<null>,<null>,2025-08-07T18:51:41.526Z,
19555490057,Strength,strength_training,2025-06-26 15:20:08,5817.30712890625,<null>,<null>,2025-08-07T18:51:37.677Z,
19556123864,Strength,strength_training,2025-06-26 18:15:58,3118.527099609375,<null>,<null>,2025-08-07T18:51:36.237Z,
19565473327,Strength,strength_training,2025-06-27 19:36:04,4195,<null>,<null>,2025-08-07T18:51:32.516Z,
19584677535,Strength,strength_training,2025-06-29 14:20:02,11238907.45.00,<null>,<null>,2025-08-07T18:51:29.526Z,
19625078388,Strength,strength_training,2025-07-03 16:09:23,6282.59619140625,<null>,<null>,2025-08-07T18:51:20.519Z,
19635124221,Strength,strength_training,2025-07-04 19:34:53,4637.94189453125,<null>,<null>,2025-08-07T18:51:17.519Z,
19654099195,Strength,strength_training,2025-07-06 15:12:22,6511.89404296875,<null>,<null>,2025-08-07T18:51:12.525Z,
19664230290,Strength,strength_training,2025-07-07 17:07:10,7771.5380859375,<null>,<null>,2025-08-07T18:51:07.828Z,
19675132861,Strength,strength_training,2025-07-08 19:50:21,3634.47802734375,<null>,<null>,2025-08-07T18:50:59.512Z,
19685864539,Strength,strength_training,2025-07-09 18:54:25,5999.84521484375,<null>,<null>,2025-08-07T18:50:54.513Z,
19694867735,Strength,strength_training,2025-07-10 15:25:47,4962.8681640625,<null>,<null>,2025-08-07T18:50:49.527Z,
19705003342,Strength,strength_training,2025-07-11 17:28:53,7085.4072265625,<null>,<null>,2025-08-07T18:50:44.525Z,
19714740211,Strength,strength_training,2025-07-12 16:21:36,5785.69091796875,<null>,<null>,2025-08-07T18:50:39.526Z,
19725659988,Strength,strength_training,2025-07-13 13:25:24,1800507.35.00,<null>,<null>,2025-08-07T18:50:34.513Z,
19766782535,Strength,strength_training,2025-07-17 09:56:27,10452684.45.00,<null>,<null>,2025-08-07T18:50:22.526Z,
19777250535,Strength,strength_training,2025-07-18 20:18:59,1032.9990234375,<null>,<null>,2025-08-07T18:50:17.514Z,
19787234094,Strength,strength_training,2025-07-19 18:31:02,5203.8759765625,<null>,<null>,2025-08-07T18:50:10.516Z,
19797816515,Strength,strength_training,2025-07-20 19:05:25,3237.2548828125,<null>,<null>,2025-08-07T18:50:05.521Z,
19807664251,Strength,strength_training,2025-07-21 17:59:04,4740.4951171875,<null>,<null>,2025-08-07T18:50:00.525Z,
19825161950,Strength,strength_training,2025-07-22 19:48:12,4075.486083984375,<null>,<null>,2025-08-07T18:49:54.517Z,
19830610314,Strength,strength_training,2025-07-23 19:35:15,3270.84912109375,<null>,<null>,2025-08-07T18:49:49.522Z,
19840008558,Strength,strength_training,2025-07-24 19:48:44,3321.3740234375,<null>,<null>,2025-08-07T18:49:46.896Z,
19849846475,Strength,strength_training,2025-07-25 18:18:44,6394.68310546875,<null>,<null>,2025-08-07T18:49:44.971Z,
19879716707,Strength,strength_training,2025-07-28 19:48:00,27836470.15.00,<null>,<null>,2025-08-07T18:49:43.039Z,
19889617714,Strength,strength_training,2025-07-29 15:12:02,7724.27587890625,<null>,<null>,2025-08-07T18:49:41.117Z,
19899744640,Strength,strength_training,2025-07-30 13:03:45,2837080.15.00,<null>,<null>,2025-08-07T18:49:37.840Z,
19912335866,Strength,strength_training,2025-07-31 19:59:27,3474.825927734375,<null>,<null>,2025-08-07T18:49:35.839Z,
19940530193,Strength,strength_training,2025-08-02 18:52:05,4042.030029296875,<null>,<null>,2025-08-07T18:49:33.855Z,
19942423891,Strength,strength_training,2025-08-03 18:52:02,4021.927978515625,<null>,<null>,2025-08-07T18:49:31.686Z,
19953429831,Strength,strength_training,2025-08-04 18:00:43,4407.43798828125,<null>,<null>,2025-08-07T22:17:00.779Z,
19965097329,Strength,strength_training,2025-08-05 19:00:01,5457.35009765625,<null>,<null>,2025-08-08T20:26:33.080Z,
19976473835,Strength,strength_training,2025-08-06 19:20:10,5456.73779296875,<null>,<null>,2025-08-09T04:45:59.713Z,
19987211115,Strength,strength_training,2025-08-07 18:28:44,12182.15.00,<null>,<null>,2025-08-11T02:00:45.587Z,
19997237138,Strength,strength_training,2025-08-08 19:35:26,4617.85693359375,<null>,<null>,2025-08-11T02:00:40.439Z,
20015507178,Strength,strength_training,2025-08-09 17:35:28,6065.64990234375,<null>,<null>,2025-08-12T02:00:49.914Z,
20018629144,Strength,strength_training,2025-08-10 17:30:11,4660.65185546875,<null>,<null>,2025-08-14T02:00:15.026Z,
20028936000,Strength,strength_training,2025-08-11 17:27:36,19699014.25.00,<null>,<null>,2025-08-14T02:00:12.838Z,
20040467445,Strength,strength_training,2025-08-12 18:53:24,6466.6240234375,<null>,<null>,2025-08-16T02:00:47.318Z,
20051881148,Strength,strength_training,2025-08-13 13:54:13,5499.2998046875,<null>,<null>,2025-08-16T02:00:42.837Z,
20072755646,Strength,strength_training,2025-08-14 19:06:44,4725044.05.00,<null>,<null>,2025-08-17T02:00:26.640Z,
20082258915,Strength,strength_training,2025-08-16 18:29:51,5262.7021484375,<null>,<null>,2025-08-19T02:00:41.761Z,
20093102399,Strength,strength_training,2025-08-17 18:39:36,414514.15.00,<null>,<null>,2025-08-20T02:00:29.457Z,
20103961540,Strength,strength_training,2025-08-18 20:03:32,3717.549072265625,<null>,<null>,2025-08-22T02:00:33.326Z,
20114798024,Strength,strength_training,2025-08-19 17:25:54,13123244.35.00,<null>,<null>,2025-08-22T02:00:28.784Z,
20136852856,Strength,strength_training,2025-08-21 19:37:45,4748.40283203125,<null>,<null>,2025-08-24T02:01:04.218Z,
20146410032,Strength,strength_training,2025-08-22 18:17:56,1275050.15.00,<null>,<null>,2025-08-25T02:00:39.065Z,
20155838316,Strength,strength_training,2025-08-23 14:00:13,7622.93310546875,<null>,<null>,2025-08-26T02:00:52.761Z,
20167845436,Strength,strength_training,2025-08-24 18:59:39,1843.5989990234375,<null>,<null>,2025-08-29T02:01:19.087Z,
20175201901,Strength,strength_training,2025-08-25 11:45:00,3136.944091796875,<null>,<null>,2025-08-31T02:00:53.165Z,
20189121256,Strength,strength_training,2025-08-26 16:25:39,3508.715087890625,<null>,<null>,2025-09-02T02:01:10.165Z,
20200049227,Strength,strength_training,2025-08-27 17:01:57,2692.39599609375,<null>,<null>,2025-09-03T02:00:33.247Z,
20210271045,Strength,strength_training,2025-08-28 15:54:44,4224.80322265625,<null>,<null>,2025-09-05T02:01:32.855Z,
20218552030,Strength,strength_training,2025-08-29 13:17:07,14620886.25.00,<null>,<null>,2025-09-07T02:00:34.805Z,
20229865895,Strength,strength_training,2025-08-30 17:06:01,3690.556884765625,<null>,<null>,2025-09-07T02:00:30.640Z,
20240217877,Strength,strength_training,2025-08-31 13:55:06,15338048.15.00,<null>,<null>,2025-09-10T02:00:42.926Z,
20261730463,Strength,strength_training,2025-09-02 16:15:05,571163.15.00,<null>,<null>,2025-09-12T02:00:21.868Z,
20273822440,Strength,strength_training,2025-09-03 11:09:08,3688.116943359375,<null>,<null>,2025-09-12T02:00:20.904Z,
20306468429,Strength,strength_training,2025-09-06 13:09:20,4465.77880859375,<null>,<null>,2025-09-13T02:00:35.298Z,
20314546236,Strength,strength_training,2025-09-07 14:11:35,5597.6982421875,<null>,<null>,2025-09-14T02:01:10.978Z,
20339935618,Strength,strength_training,2025-09-09 17:39:15,9023250.05.00,<null>,<null>,2025-09-14T02:01:07.656Z,
20344775636,Strength,strength_training,2025-09-10 08:17:21,3102.785888671875,<null>,<null>,2025-09-14T02:01:04.605Z,
20366042992,Strength,strength_training,2025-09-11 18:12:14,3714.450927734375,<null>,<null>,2025-09-15T02:01:07.110Z,
20366044040,Strength,strength_training,2025-09-12 13:35:55,4232.84716796875,<null>,<null>,2025-09-16T02:01:01.573Z,
20386882289,Strength,strength_training,2025-09-14 12:30:07,21001497.45.00,<null>,<null>,2025-09-20T02:00:33.998Z,
20398070117,Strength,strength_training,2025-09-15 17:15:06,3259.596923828125,<null>,<null>,2025-09-21T02:01:03.824Z,
20407360024,Strength,strength_training,2025-09-16 12:35:00,5400,<null>,<null>,2025-09-22T02:01:11.822Z,
20419896568,Strength,strength_training,2025-09-17 17:45:19,3867.568115234375,<null>,<null>,2025-09-24T02:01:01.018Z,
20440962627,Strength,strength_training,2025-09-19 20:08:24,3131.2470703125,<null>,<null>,2025-09-27T02:00:50.180Z,
20451348850,Strength,strength_training,2025-09-20 18:46:17,8954544.55.00,<null>,<null>,2025-09-27T02:00:47.928Z,
20460124478,Strength,strength_training,2025-09-21 14:20:52,13967805.45.00,<null>,<null>,2025-09-28T02:00:39.020Z,
20470796559,Strength,strength_training,2025-09-22 17:47:34,3186.68994140625,<null>,<null>,2025-09-30T02:01:13.521Z,
20491872436,Strength,strength_training,2025-09-24 18:08:09,33044850.35.00,<null>,<null>,2025-09-30T02:01:10.953Z,
20501111259,Strength,strength_training,2025-09-25 15:27:41,1179674.25.00,<null>,<null>,2025-10-01T02:00:41.141Z,
20501112005,Strength,strength_training,2025-09-25 16:58:52,11168050.35.00,<null>,<null>,2025-10-02T02:00:49.150Z,
20519203043,Strength,strength_training,2025-09-27 13:03:10,2170.403076171875,<null>,<null>,2025-10-05T02:00:48.063Z,
20547600705,Strength,strength_training,2025-09-29 19:20:00,2820,<null>,<null>,2025-10-13T02:01:07.762Z,
20553077405,Strength,strength_training,2025-09-30 18:05:49,3316.673095703125,<null>,<null>,2025-10-13T02:01:05.767Z,
20563032474,Strength,strength_training,2025-10-01 20:44:03,1326.760009765625,<null>,<null>,2025-10-14T15:32:45.809Z,
20579848883,Strength,strength_training,2025-10-03 12:55:38,1440.260986328125,<null>,<null>,2025-10-18T02:00:50.090Z,
20601185172,Strength,strength_training,2025-10-05 16:19:10,3043.85302734375,<null>,<null>,2025-10-19T02:00:19.301Z,
20611375409,Strength,strength_training,2025-10-06 20:11:30,1373.6519775390625,<null>,<null>,2025-10-19T02:00:18.078Z,
20641396577,Strength,strength_training,2025-10-09 12:31:01,7784553.55.00,<null>,<null>,2025-10-19T02:00:15.842Z,
20647085953,Strength,strength_training,2025-10-10 08:08:58,5079.8662109375,<null>,<null>,2025-10-20T02:00:20.873Z,
20681447562,Strength,strength_training,2025-10-13 18:00:00,2639,<null>,<null>,2025-10-22T02:01:01.709Z,
20681452403,Strength,strength_training,2025-10-12 17:29:00,0,<null>,<null>,2025-10-21T02:00:58.724Z,
20691768824,Strength,strength_training,2025-10-14 17:44:16,1534400.55.00,<null>,<null>,2025-10-22T02:00:59.317Z,
20731114444,Strength,strength_training,2025-10-18 17:42:16,3428.926025390625,<null>,<null>,2025-10-23T02:01:07.057Z,
20738490713,Strength,strength_training,2025-10-18 20:45:04,730.4140014648438,<null>,<null>,2025-10-24T02:00:52.454Z,
20741274662,Strength,strength_training,2025-10-19 19:25:19,1347.052001953125,<null>,<null>,2025-10-26T02:00:45.529Z,
20750534387,Strength,strength_training,2025-10-20 18:09:34,5509.09912109375,<null>,<null>,2025-10-26T02:00:42.957Z,
20760324152,Strength,strength_training,2025-10-21 17:42:03,2804.946044921875,<null>,<null>,2025-10-27T02:00:51.227Z,
20770525185,Strength,strength_training,2025-10-22 18:59:33,2106.054931640625,<null>,<null>,2025-10-28T02:00:48.904Z,
20770856153,Strength,strength_training,2025-10-22 20:44:21,404.8290100097656,<null>,<null>,2025-10-28T02:00:47.988Z,
20776975110,Strength,strength_training,2025-10-23 11:25:35,4427.35693359375,<null>,<null>,2025-10-31T02:01:14.858Z,
20788174343,Strength,strength_training,2025-10-24 19:08:51,1917.43603515625,<null>,<null>,2025-10-31T02:01:12.800Z,
20797044446,Strength,strength_training,2025-10-25 17:46:26,1593.1190185546875,<null>,<null>,2025-11-01T02:01:07.153Z,
20807314455,Strength,strength_training,2025-10-26 15:48:20,3387.071044921875,<null>,<null>,2025-11-07T02:01:20.190Z,
20807394143,Strength,strength_training,2025-10-26 18:28:47,813.9199829101562,<null>,<null>,2025-11-07T02:01:18.822Z,
20816733061,Strength,strength_training,2025-10-27 18:51:01,3185.81494140625,<null>,<null>,2025-11-11T02:00:12.596Z,
20826429237,Strength,strength_training,2025-10-28 17:45:39,20998849.45.00,<null>,<null>,2025-11-13T02:00:42.867Z,
20851195524,Strength,strength_training,2025-10-30 16:27:27,3758.073974609375,<null>,<null>,2025-11-15T02:00:36.012Z,
20853790134,Strength,strength_training,2025-10-31 15:28:04,3445.049072265625,<null>,<null>,2025-11-15T02:00:33.353Z,
20862785430,Strength,strength_training,2025-11-01 14:16:07,3860.652099609375,<null>,<null>,2025-11-15T02:00:30.554Z,
20915355740,Strength,strength_training,2025-11-04 17:52:53,347120.05.00,<null>,<null>,2025-11-16T02:00:29.900Z,
20922319106,Strength,strength_training,2025-11-07 13:29:07,2406.89306640625,<null>,<null>,2025-11-17T02:01:10.535Z,
20953107258,Strength,strength_training,2025-11-10 19:08:36,961306.15.00,<null>,<null>,2025-11-18T02:00:25.649Z,
20963200061,Strength,strength_training,2025-11-11 18:02:41,2352.77490234375,<null>,<null>,2025-11-18T02:00:23.816Z,
20973615092,Strength,strength_training,2025-11-12 19:44:57,2676.031982421875,<null>,<null>,2025-11-20T02:01:10.513Z,
20991856172,Strength,strength_training,2025-11-14 20:42:38,283713.55.00,<null>,<null>,2025-11-22T02:00:39.252Z,
20999118625,Strength,strength_training,2025-11-15 13:12:32,1505.8590087890625,<null>,<null>,2025-11-26T02:00:47.101Z,
21010410185,Gym & Fitness Equipment,strength_training,2025-11-16 19:36:56,2880,<null>,<null>,2025-11-30T02:01:08.933Z,
21019648590,Strength,strength_training,2025-11-17 19:34:42,2949.198974609375,<null>,<null>,2025-12-04T02:01:09.806Z,
21028987999,Strength,strength_training,2025-11-18 17:54:32,8303045.15.00,<null>,<null>,2025-12-05T02:01:02.122Z,
21047479412,Strength,strength_training,2025-11-20 12:25:30,2439.820068359375,<null>,<null>,2025-12-07T02:01:10.129Z,
21064583898,Strength,strength_training,2025-11-22 17:19:47,4519.73876953125,<null>,<null>,2025-12-10T02:01:07.624Z,
21073908006,Strength,strength_training,2025-11-23 18:17:48,2812.39208984375,<null>,<null>,2025-12-11T02:00:43.887Z,
21092469628,Strength,strength_training,2025-11-25 18:54:31,14490998.05.00,<null>,<null>,2025-12-12T02:01:00.986Z,
21126641869,Strength,strength_training,2025-11-29 17:34:38,1809.64794921875,<null>,<null>,2025-12-14T02:01:19.704Z,
21135395665,Strength,strength_training,2025-11-30 16:10:24,1685.9239501953125,<null>,<null>,2025-12-15T02:00:48.900Z,
21170782472,Strength,strength_training,2025-12-04 13:12:02,4735.8662109375,<null>,<null>,2025-12-17T02:00:53.365Z,
21180059560,Gym & Fitness Equipment,strength_training,2025-12-05 18:44:34,3480,<null>,<null>,2025-12-20T02:01:25.258Z,
21197409068,Strength Training,strength_training,2025-12-07 17:01:45,2220,<null>,<null>,2025-12-21T02:01:12.265Z,
21223287104,Strength Training,strength_training,2025-12-10 13:25:05,1500,<null>,<null>,2025-12-22T02:01:13.461Z,
21232913777,Strength Training,strength_training,2025-12-11 15:15:49,6120,<null>,<null>,2025-12-23T02:00:26.616Z,
21240200155,Strength Training,strength_training,2025-12-12 12:45:00,3780,<null>,<null>,2026-01-01T02:00:59.292Z,
21259347002,Strength Training,strength_training,2025-12-14 17:42:39,4500,<null>,<null>,2026-01-03T02:00:38.277Z,
21267268692,Strength Training,strength_training,2025-12-15 16:25:00,1800,<null>,<null>,2026-01-04T02:00:48.398Z,
21285310396,Strength Training,strength_training,2025-12-17 16:37:31,1800,<null>,<null>,2026-01-05T02:00:30.963Z,
21310574919,Strength Training,strength_training,2025-12-20 19:15:00,2700,<null>,<null>,2026-01-06T08:26:48.960Z,
21318937893,Strength Training,strength_training,2025-12-21 17:22:00,3480,<null>,<null>,2026-01-08T02:01:11.588Z,
21327021248,Strength Training,strength_training,2025-12-22 16:50:00,6000,<null>,<null>,2026-01-08T02:01:09.055Z,
21336138246,Strength Training,strength_training,2025-12-23 18:30:18,1500,<null>,<null>,2026-01-13T02:01:20.419Z,
21412343487,Strength Training,strength_training,2026-01-01 16:50:00,7200,<null>,<null>,2026-01-17T02:01:10.390Z,
21425913342,Strength Training,strength_training,2026-01-03 04:09:12,6000,<null>,<null>,2026-01-21T02:01:03.646Z,
21436115694,Strength Training,strength_training,2026-01-04 04:30:00,3600,<null>,<null>,2026-01-21T02:01:02.012Z,
21450486010,Strength Training,strength_training,2026-01-05 14:56:53,4200,<null>,<null>,2026-01-21T02:00:59.962Z,
21461518676,Strength Training,strength_training,2026-01-06 15:00:00,5100,<null>,<null>,2026-01-22T02:00:55.712Z,
21482121494,Strength Training,strength_training,2026-01-08 14:51:00,4500,<null>,<null>,2026-01-23T02:01:14.786Z,
21483691651,Strength Training,strength_training,2026-01-08 17:50:13,1080,<null>,<null>,2026-01-28T02:00:53.948Z,
21533546972,Strength Training,strength_training,2026-01-13 15:25:32,4920,<null>,<null>,2026-01-30T02:01:18.051Z,
21576360032,Strength Training,strength_training,2026-01-15 16:00:00,3600,<null>,<null>,2026-01-31T02:00:42.528Z,
21615059100,Strength Training,strength_training,2026-01-18 22:40:00,3600,<null>,<null>,2026-02-01T02:00:58.976Z,
21615071129,Strength Training,strength_training,2026-01-20 21:20:00,3600,<null>,<null>,2026-02-02T02:00:56.138Z,
21624395101,Strength Training,strength_training,2026-01-21 17:00:00,2724,<null>,<null>,2026-02-21T02:01:46.389Z,
21634709959,Strength Training,strength_training,2026-01-22 16:54:00,5340,<null>,<null>,2026-02-21T02:01:40.471Z,
21643722478,Strength Training,strength_training,2026-01-23 15:37:00,4920,<null>,<null>,2026-02-21T02:01:33.642Z,
21694450837,Strength Training,strength_training,2026-01-28 13:47:00,5040,<null>,<null>,2026-05-08T02:00:24.310Z,
21715159932,Strength Training,strength_training,2026-01-29 18:01:00,3600,<null>,<null>,2026-05-08T02:00:23.896Z,
21725004111,Strength Training,strength_training,2026-01-31 16:54:50,9195,<null>,<null>,2026-05-08T02:00:19.521Z,
21736108690,Strength Training,strength_training,2026-02-01 12:24:00,3300,<null>,<null>,2026-05-08T02:00:17.955Z,
21743397097,Strength Training,strength_training,2026-02-02 12:44:00,3960,<null>,<null>,2026-05-08T02:00:16.012Z,