id,user_id,start_time,end_time,notes,location_lat,location_lng,location_label,synced,created_at
15828061738,REPLACE_WITH_YOUR_USER_ID,1717950147000,1717951996000,Strength,<null>,<null>,,1,1754594924524
15857574473,REPLACE_WITH_YOUR_USER_ID,1718116532000,1719439394000,Strength,<null>,<null>,,1,1754594916522
15883371895,REPLACE_WITH_YOUR_USER_ID,1718238120000,1718240203000,Strength,<null>,<null>,,1,1754594911522
15896065710,REPLACE_WITH_YOUR_USER_ID,1718302957000,1718303889000,Strength,<null>,<null>,,1,1754594906511
15900158773,REPLACE_WITH_YOUR_USER_ID,1718315514000,1718318036000,Styrketräning,<null>,<null>,,1,1754594905525
15914927758,REPLACE_WITH_YOUR_USER_ID,1718412009000,1718413976000,Strength,<null>,<null>,,1,1754594902520
15931232614,REPLACE_WITH_YOUR_USER_ID,1718496943000,1718499175000,Strength,<null>,<null>,,1,1754594897514
15943976104,REPLACE_WITH_YOUR_USER_ID,1718555579000,1718556402000,Strength,<null>,<null>,,1,1754594892524
15964651913,REPLACE_WITH_YOUR_USER_ID,1718669263000,1718669451000,Strength,<null>,<null>,,1,1754594887587
15980987096,REPLACE_WITH_YOUR_USER_ID,1718744092000,1745602859000,Strength,<null>,<null>,,1,1754594880180
15996955893,REPLACE_WITH_YOUR_USER_ID,1718822916000,1718825096000,Strength,<null>,<null>,,1,1754594878286
16015020864,REPLACE_WITH_YOUR_USER_ID,1718919153000,1718921468000,Strength,<null>,<null>,,1,1754594876296
16017349706,REPLACE_WITH_YOUR_USER_ID,1718925608000,1725083502000,Strength,<null>,<null>,,1,1754594875048
16030764167,REPLACE_WITH_YOUR_USER_ID,1719013056000,1719015345000,Strength,<null>,<null>,,1,1754594873976
16047329144,REPLACE_WITH_YOUR_USER_ID,1719099629000,1719102102000,Strength,<null>,<null>,,1,1754594872088
16063560033,REPLACE_WITH_YOUR_USER_ID,1719174791000,1726175664000,Strength,<null>,<null>,,1,1754594869326
16096827662,REPLACE_WITH_YOUR_USER_ID,1719341659000,1719345554000,Strength,<null>,<null>,,1,1754593995526
16110702158,REPLACE_WITH_YOUR_USER_ID,1719418434000,1719420432000,Strength,<null>,<null>,,1,1754593988525
16129069784,REPLACE_WITH_YOUR_USER_ID,1719509310000,1719512007000,Strength,<null>,<null>,,1,1754593975528
16143856234,REPLACE_WITH_YOUR_USER_ID,1719591399000,1719593983000,Strength,<null>,<null>,,1,1754593970524
16255942806,REPLACE_WITH_YOUR_USER_ID,1720119371000,1720119544000,Strength,<null>,<null>,,1,1754593951439
16364847900,REPLACE_WITH_YOUR_USER_ID,1720736036000,1720739130000,Strength,<null>,<null>,,1,1754593948697
16379318582,REPLACE_WITH_YOUR_USER_ID,1720819575000,1720821555000,Strength,<null>,<null>,,1,1754593946502
16414998170,REPLACE_WITH_YOUR_USER_ID,1720999439000,1721002008000,Strength,<null>,<null>,,1,1754593942993
16430365340,REPLACE_WITH_YOUR_USER_ID,1721080101000,1749565482000,Strength,<null>,<null>,,1,1754593941137
16449270847,REPLACE_WITH_YOUR_USER_ID,1721175014000,1721177783000,Strength,<null>,<null>,,1,1754593938987
16481324859,REPLACE_WITH_YOUR_USER_ID,1721328179000,1721330910000,Strength,<null>,<null>,,1,1754593936299
16498163755,REPLACE_WITH_YOUR_USER_ID,1721417599000,1721435536000,Strength,<null>,<null>,,1,1754593934380
16515477216,REPLACE_WITH_YOUR_USER_ID,1721506867000,1721508830000,Strength,<null>,<null>,,1,1754593928516
16529024072,REPLACE_WITH_YOUR_USER_ID,1721574885000,1721577968000,Strength,<null>,<null>,,1,1754593923523
16549496263,REPLACE_WITH_YOUR_USER_ID,1721680407000,1721682884000,Strength,<null>,<null>,,1,1754593915517
16566237818,REPLACE_WITH_YOUR_USER_ID,1721760093000,1721762580000,Strength,<null>,<null>,,1,1754593910526
16581846364,REPLACE_WITH_YOUR_USER_ID,1721851086000,1721854626000,Strength,<null>,<null>,,1,1754593905555
16607000794,REPLACE_WITH_YOUR_USER_ID,1722110561000,1722113914000,Strength,<null>,<null>,,1,1754593898530
16615670972,REPLACE_WITH_YOUR_USER_ID,1722194852000,1722198085000,Strength,<null>,<null>,,1,1754593893524
16623942425,REPLACE_WITH_YOUR_USER_ID,1722283023000,1722285364000,Strength,<null>,<null>,,1,1754593886515
16641968968,REPLACE_WITH_YOUR_USER_ID,1722454509000,1722458564000,Strength,<null>,<null>,,1,1754593875272
16676783236,REPLACE_WITH_YOUR_USER_ID,1722814312000,1722815046000,Strength,<null>,<null>,,1,1754593857563
16703768348,REPLACE_WITH_YOUR_USER_ID,1723073129000,1723075994000,Strength,<null>,<null>,,1,1754593852398
16713194264,REPLACE_WITH_YOUR_USER_ID,1723170278000,1724571462000,Strength,<null>,<null>,,1,1754593851246
16719985025,REPLACE_WITH_YOUR_USER_ID,1723240123000,1723241172000,Strength,<null>,<null>,,1,1754593850120
16729606248,REPLACE_WITH_YOUR_USER_ID,1723335532000,1723337112000,Strength,<null>,<null>,,1,1754593845270
16782933684,REPLACE_WITH_YOUR_USER_ID,1723852086000,1752339607000,Strength,<null>,<null>,,1,1754593830701
16800042415,REPLACE_WITH_YOUR_USER_ID,1724021010000,1724024468000,Strength,<null>,<null>,,1,1754593827886
16818002314,REPLACE_WITH_YOUR_USER_ID,1724193688000,1724198647000,Strength,<null>,<null>,,1,1754593823524
16827117931,REPLACE_WITH_YOUR_USER_ID,1724281750000,1724285032000,Strength,<null>,<null>,,1,1754593820216
16836411356,REPLACE_WITH_YOUR_USER_ID,1724377368000,1724380735000,Strength,<null>,<null>,,1,1754593814726
16852102396,REPLACE_WITH_YOUR_USER_ID,1724533841000,1724536191000,Strength,<null>,<null>,,1,1754593807582
16861265499,REPLACE_WITH_YOUR_USER_ID,1724618725000,1724624021000,Strength,<null>,<null>,,1,1754593802480
16869664202,REPLACE_WITH_YOUR_USER_ID,1724709372000,1724710766000,Strength,<null>,<null>,,1,1754593798294
16888941513,REPLACE_WITH_YOUR_USER_ID,1724887607000,1724894343000,Strength,<null>,<null>,,1,1754593793475
16904889633,REPLACE_WITH_YOUR_USER_ID,1725054552000,1725057905000,Strength,<null>,<null>,,1,1754593789908
16923338567,REPLACE_WITH_YOUR_USER_ID,1725234084000,1725238507000,Strength,<null>,<null>,,1,1754593776515
16931478728,REPLACE_WITH_YOUR_USER_ID,1725313932000,1726012955000,Strength,<null>,<null>,,1,1754593771876
16940200186,REPLACE_WITH_YOUR_USER_ID,1725392964000,1725396596000,Strength,<null>,<null>,,1,1754593768225
16966273339,REPLACE_WITH_YOUR_USER_ID,1725649959000,1725655112000,Strength,<null>,<null>,,1,1754593764280
16975646180,REPLACE_WITH_YOUR_USER_ID,1725740000000,1725743558000,Strength,<null>,<null>,,1,1754593762323
16985032081,REPLACE_WITH_YOUR_USER_ID,1725828122000,1725831726000,Strength,<null>,<null>,,1,1754593759696
17011728387,REPLACE_WITH_YOUR_USER_ID,1726097652000,1726101552000,Strength,<null>,<null>,,1,1754593754651
17026469386,REPLACE_WITH_YOUR_USER_ID,1726253827000,1735145383000,Strength,<null>,<null>,,1,1754593752420
17035137799,REPLACE_WITH_YOUR_USER_ID,1726340897000,1726346133000,Strength,<null>,<null>,,1,1754593749643
17044184018,REPLACE_WITH_YOUR_USER_ID,1726422583000,1740071220000,Strength,<null>,<null>,,1,1754593747513
17061215054,REPLACE_WITH_YOUR_USER_ID,1726600241000,1726603959000,Strength,<null>,<null>,,1,1754593742732
17076735942,REPLACE_WITH_YOUR_USER_ID,1726758430000,1726761492000,Strength,<null>,<null>,,1,1754593736536
17104526695,REPLACE_WITH_YOUR_USER_ID,1727020115000,1731294986000,Strength,<null>,<null>,,1,1754593727512
17128152837,REPLACE_WITH_YOUR_USER_ID,1727277140000,1727279874000,Strength,<null>,<null>,,1,1754593716514
17136027871,REPLACE_WITH_YOUR_USER_ID,1727363987000,1727364843000,Strength,<null>,<null>,,1,1754593711521
17163648832,REPLACE_WITH_YOUR_USER_ID,1727644195000,1727662531000,Strength,<null>,<null>,,1,1754593697102
17179373236,REPLACE_WITH_YOUR_USER_ID,1727812224000,1727816258000,Strength,<null>,<null>,,1,1754593693558
17193524554,REPLACE_WITH_YOUR_USER_ID,1727968148000,1727969727000,Strength,<null>,<null>,,1,1754593690913
17212147932,REPLACE_WITH_YOUR_USER_ID,1728153437000,1728160913000,Strength,<null>,<null>,,1,1754593686333
17221148745,REPLACE_WITH_YOUR_USER_ID,1728245006000,1728247392000,Strength,<null>,<null>,,1,1754593684429
17253396458,REPLACE_WITH_YOUR_USER_ID,1728585442000,1743402812000,Strength,<null>,<null>,,1,1754593674774
17261065654,REPLACE_WITH_YOUR_USER_ID,1728673966000,1735676977000,Strength,<null>,<null>,,1,1754593664521
17278338437,REPLACE_WITH_YOUR_USER_ID,1728849947000,1728852339000,Strength,<null>,<null>,,1,1754593650524
17294539926,REPLACE_WITH_YOUR_USER_ID,1729018969000,1729024240000,Strength,<null>,<null>,,1,1754593639566
17303423703,REPLACE_WITH_YOUR_USER_ID,1729112019000,1729116310000,Strength,<null>,<null>,,1,1754593634523
17318060722,REPLACE_WITH_YOUR_USER_ID,1729271435000,1729278391000,Strength,<null>,<null>,,1,1754593625891
17335616506,REPLACE_WITH_YOUR_USER_ID,1729450816000,1732158941000,Strength,<null>,<null>,,1,1754593615526
17351995522,REPLACE_WITH_YOUR_USER_ID,1729624363000,1729627976000,Strength,<null>,<null>,,1,1754593600522
17368608284,REPLACE_WITH_YOUR_USER_ID,1729797007000,1729799438000,Strength,<null>,<null>,,1,1754593579515
17376410356,REPLACE_WITH_YOUR_USER_ID,1729882928000,1729890575000,Strength,<null>,<null>,,1,1754593566330
17385567197,REPLACE_WITH_YOUR_USER_ID,1729984719000,1729989886000,Strength,<null>,<null>,,1,1754593563865
17408142163,REPLACE_WITH_YOUR_USER_ID,1730219285000,1730219952000,Strength,<null>,<null>,,1,1754593561079
17409910736,REPLACE_WITH_YOUR_USER_ID,1730228813000,1730231987000,Strength,<null>,<null>,,1,1754593559920
17426210746,REPLACE_WITH_YOUR_USER_ID,1730400385000,1730404917000,Strength,<null>,<null>,,1,1754593557323
17434550773,REPLACE_WITH_YOUR_USER_ID,1730494744000,1730499240000,Strength,<null>,<null>,,1,1754593555370
17451819394,REPLACE_WITH_YOUR_USER_ID,1730668025000,1730675147000,Strength,<null>,<null>,,1,1754593551637
17473392808,REPLACE_WITH_YOUR_USER_ID,1730908939000,1730910086000,Strength,<null>,<null>,,1,1754593545326
17475648946,REPLACE_WITH_YOUR_USER_ID,1730923780000,1738641435000,Strength,<null>,<null>,,1,1754593540522
17483797326,REPLACE_WITH_YOUR_USER_ID,1731008968000,1731016096000,Strength,<null>,<null>,,1,1754593534526
17492130913,REPLACE_WITH_YOUR_USER_ID,1731113021000,1731118200000,Strength,<null>,<null>,,1,1754593526536
17499257516,REPLACE_WITH_YOUR_USER_ID,1731187553000,1731189026000,Strength,<null>,<null>,,1,1754593519522
17500073598,REPLACE_WITH_YOUR_USER_ID,1731200664000,1731201897000,Strength,<null>,<null>,,1,1754593505526
17508333931,REPLACE_WITH_YOUR_USER_ID,1731282331000,1731285169000,Strength,<null>,<null>,,1,1754593500517
17523317625,REPLACE_WITH_YOUR_USER_ID,1731441805000,1731443922000,Strength,<null>,<null>,,1,1754593489189
17531321463,REPLACE_WITH_YOUR_USER_ID,1731528647000,1731529859000,Strength,<null>,<null>,,1,1754593486408
17537424551,REPLACE_WITH_YOUR_USER_ID,1731601293000,1731603953000,Strength,<null>,<null>,,1,1754593482366
17539021167,REPLACE_WITH_YOUR_USER_ID,1731613074000,1731616308000,Strength,<null>,<null>,,1,1754593481201
17546397677,REPLACE_WITH_YOUR_USER_ID,1731702905000,1732401686000,Strength,<null>,<null>,,1,1754593468412
17554661340,REPLACE_WITH_YOUR_USER_ID,1731787582000,1731795198000,Strength,<null>,<null>,,1,1754593466433
17563366040,REPLACE_WITH_YOUR_USER_ID,1731882229000,1731887772000,Strength,<null>,<null>,,1,1754593462617
17578096024,REPLACE_WITH_YOUR_USER_ID,1732048387000,1732054239000,Strength,<null>,<null>,,1,1754593458538
17607984180,REPLACE_WITH_YOUR_USER_ID,1732408919000,1732413074000,Strength,<null>,<null>,,1,1754593439203
17615728146,REPLACE_WITH_YOUR_USER_ID,1732488930000,1744702678000,Strength,<null>,<null>,,1,1754593427521
17630345169,REPLACE_WITH_YOUR_USER_ID,1732652422000,1732658057000,Strength,<null>,<null>,,1,1754593420522
17638924664,REPLACE_WITH_YOUR_USER_ID,1732753847000,1764499818000,Strength,<null>,<null>,,1,1754593414518
17652783009,REPLACE_WITH_YOUR_USER_ID,1732924765000,1737066140000,Strength,<null>,<null>,,1,1754593410684
17660195237,REPLACE_WITH_YOUR_USER_ID,1733015593000,1761501160000,Strength,<null>,<null>,,1,1754593408840
17667988209,REPLACE_WITH_YOUR_USER_ID,1733097407000,1733102175000,Strength,<null>,<null>,,1,1754593406909
17697020718,REPLACE_WITH_YOUR_USER_ID,1733427034000,1733432104000,Strength,<null>,<null>,,1,1754593399938
17718305650,REPLACE_WITH_YOUR_USER_ID,1733686359000,1733693582000,Strength,<null>,<null>,,1,1754593396304
17747631573,REPLACE_WITH_YOUR_USER_ID,1734033716000,1734040926000,Strength,<null>,<null>,,1,1754593392114
17761897153,REPLACE_WITH_YOUR_USER_ID,1734218947000,1735612696000,Strength,<null>,<null>,,1,1754593390113
17775266867,REPLACE_WITH_YOUR_USER_ID,1734379617000,1734383230000,Strength,<null>,<null>,,1,1754593387925
17782985131,REPLACE_WITH_YOUR_USER_ID,1734466917000,1734470599000,Strength,<null>,<null>,,1,1754593385933
17797013892,REPLACE_WITH_YOUR_USER_ID,1734637563000,1734642532000,Strength,<null>,<null>,,1,1754593383265
17818220945,REPLACE_WITH_YOUR_USER_ID,1734915965000,1734919043000,Strength,<null>,<null>,,1,1754593380628
17845440909,REPLACE_WITH_YOUR_USER_ID,1735255710000,1735262418000,Strength,<null>,<null>,,1,1754593378791
17869028999,REPLACE_WITH_YOUR_USER_ID,1735507842000,1735514311000,Strength,<null>,<null>,,1,1754593376792
17892413364,REPLACE_WITH_YOUR_USER_ID,1735769561000,1736197241000,Strength,<null>,<null>,,1,1754593374524
17926883911,REPLACE_WITH_YOUR_USER_ID,1736122649000,1736128614000,Strength,<null>,<null>,,1,1754593372617
17943600697,REPLACE_WITH_YOUR_USER_ID,1736281191000,1736450158000,Strength,<null>,<null>,,1,1754593370655
17951716914,REPLACE_WITH_YOUR_USER_ID,1736366897000,1736370804000,Strength,<null>,<null>,,1,1754593368709
17968445339,REPLACE_WITH_YOUR_USER_ID,1736541855000,1738129117000,Strength,<null>,<null>,,1,1754593365242
18004662924,REPLACE_WITH_YOUR_USER_ID,1736885200000,1736891018000,Strength,<null>,<null>,,1,1754593362499
18022618229,REPLACE_WITH_YOUR_USER_ID,1737057900000,1737065125000,Strength,<null>,<null>,,1,1754593354522
18030319028,REPLACE_WITH_YOUR_USER_ID,1737144300000,1737145583000,Strength,<null>,<null>,,1,1754593350526
18064738072,REPLACE_WITH_YOUR_USER_ID,1737481558000,1737482008000,Strength,<null>,<null>,,1,1754593347526
18092059068,REPLACE_WITH_YOUR_USER_ID,1737740077000,1737965136000,Strength,<null>,<null>,,1,1754593338516
18109708360,REPLACE_WITH_YOUR_USER_ID,1737915800000,1737919401000,Strength,<null>,<null>,,1,1754593333515
18119245206,REPLACE_WITH_YOUR_USER_ID,1738012909000,1738020692000,Strength,<null>,<null>,,1,1754593327512
18145751799,REPLACE_WITH_YOUR_USER_ID,1738270732000,1738272866000,Strength,<null>,<null>,,1,1754593318140
18154539741,REPLACE_WITH_YOUR_USER_ID,1738354228000,1746797253000,Strength,<null>,<null>,,1,1754593316222
18181480432,REPLACE_WITH_YOUR_USER_ID,1738615933000,1738621730000,Strength,<null>,<null>,,1,1754593314323
18190682720,REPLACE_WITH_YOUR_USER_ID,1738701550000,1752539346000,Strength,<null>,<null>,,1,1754593310518
18200396449,REPLACE_WITH_YOUR_USER_ID,1738786780000,1738795178000,Strength,<null>,<null>,,1,1754593305833
18208816914,REPLACE_WITH_YOUR_USER_ID,1738871921000,1738876687000,Strength,<null>,<null>,,1,1754593299524
18218175821,REPLACE_WITH_YOUR_USER_ID,1738976722000,1738980520000,Strength,<null>,<null>,,1,1754593292517
18243287033,REPLACE_WITH_YOUR_USER_ID,1739214010000,1739218519000,Strength,<null>,<null>,,1,1754593285511
18253407272,REPLACE_WITH_YOUR_USER_ID,1739305747000,1745986718000,Strength,<null>,<null>,,1,1754593280512
18262871497,REPLACE_WITH_YOUR_USER_ID,1739403764000,1739406817000,Strength,<null>,<null>,,1,1754593275537
18270058462,REPLACE_WITH_YOUR_USER_ID,1739474756000,1739477873000,Strength,<null>,<null>,,1,1754593270735
18278721752,REPLACE_WITH_YOUR_USER_ID,1739565438000,1740408502000,Strength,<null>,<null>,,1,1754593264513
18296460873,REPLACE_WITH_YOUR_USER_ID,1739736674000,1739740519000,Strength,<null>,<null>,,1,1754593259514
18304009492,REPLACE_WITH_YOUR_USER_ID,1739812199000,1746816528000,Strength,<null>,<null>,,1,1754593254634
18314187640,REPLACE_WITH_YOUR_USER_ID,1739910178000,1739913881000,Strength,<null>,<null>,,1,1754593249513
18331854834,REPLACE_WITH_YOUR_USER_ID,1740080117000,1740084921000,Strength,<null>,<null>,,1,1754593242526
18340666272,REPLACE_WITH_YOUR_USER_ID,1740168991000,1741446954000,Strength,<null>,<null>,,1,1754593237512
18350455406,REPLACE_WITH_YOUR_USER_ID,1740269943000,1740279053000,Strength,<null>,<null>,,1,1754593231521
18359941187,REPLACE_WITH_YOUR_USER_ID,1740354549000,1740360743000,Strength,<null>,<null>,,1,1754593226525
18367640834,REPLACE_WITH_YOUR_USER_ID,1740426882000,1740434311000,Pull,<null>,<null>,,1,1754593217525
18373070091,REPLACE_WITH_YOUR_USER_ID,1740488901000,1740493704000,Legs,<null>,<null>,,1,1754593212528
18376913796,REPLACE_WITH_YOUR_USER_ID,1740514441000,1740518726000,"Chest, tris",<null>,<null>,,1,1754593209523
18395400745,REPLACE_WITH_YOUR_USER_ID,1740684796000,1749320838000,Strength,<null>,<null>,,1,1754593200706
18413689221,REPLACE_WITH_YOUR_USER_ID,1740868238000,1755689096000,"Push, shoulders, dl",<null>,<null>,,1,1754593195237
18423026229,REPLACE_WITH_YOUR_USER_ID,1740949414000,1740959430000,"Legs, push",<null>,<null>,,1,1754593193319
18430968188,REPLACE_WITH_YOUR_USER_ID,1741032777000,1741035300000,Mini push,<null>,<null>,,1,1754593191402
18440453333,REPLACE_WITH_YOUR_USER_ID,1741119020000,1741122985000,Strength,<null>,<null>,,1,1754593189580
18450331300,REPLACE_WITH_YOUR_USER_ID,1741208744000,1741214499000,"Legs, abs",<null>,<null>,,1,1754593187693
18469164452,REPLACE_WITH_YOUR_USER_ID,1741387249000,1754775755000,"Push, shoulders, biceps",<null>,<null>,,1,1754593183522
18478757728,REPLACE_WITH_YOUR_USER_ID,1741482463000,1741485435000,Strength,<null>,<null>,,1,1754593180544
18496742736,REPLACE_WITH_YOUR_USER_ID,1741633655000,1741639769000,Push legs,<null>,<null>,,1,1754593178660
18506839092,REPLACE_WITH_YOUR_USER_ID,1741719531000,1742763765000,Pull ish,<null>,<null>,,1,1754593176083
18516317604,REPLACE_WITH_YOUR_USER_ID,1741809593000,1741815410000,Strength,<null>,<null>,,1,1754593172514
18524780268,REPLACE_WITH_YOUR_USER_ID,1741892623000,1776564726000,Strength,<null>,<null>,,1,1754593167685
18529779724,REPLACE_WITH_YOUR_USER_ID,1741953122000,1741957452000,Strength,<null>,<null>,,1,1754593161514
18542192392,REPLACE_WITH_YOUR_USER_ID,1742061973000,1748219145000,Strength,<null>,<null>,,1,1754593156516
18552787858,REPLACE_WITH_YOUR_USER_ID,1742162341000,1742167191000,Strength,<null>,<null>,,1,1754593151520
18560747789,REPLACE_WITH_YOUR_USER_ID,1742238547000,1750480575000,Strength,<null>,<null>,,1,1754593146512
18570753387,REPLACE_WITH_YOUR_USER_ID,1742324329000,1742332658000,Strength,<null>,<null>,,1,1754593141513
18580446334,REPLACE_WITH_YOUR_USER_ID,1742411042000,1748114858000,Strength,<null>,<null>,,1,1754593132796
18598713719,REPLACE_WITH_YOUR_USER_ID,1742584067000,1742592185000,Strength,<null>,<null>,,1,1754593124520
18609114299,REPLACE_WITH_YOUR_USER_ID,1742682532000,1742688885000,Strength,<null>,<null>,,1,1754593119515
18616357178,REPLACE_WITH_YOUR_USER_ID,1742742264000,1742746271000,Strength,<null>,<null>,,1,1754593114519
18627032601,REPLACE_WITH_YOUR_USER_ID,1742843431000,1756814978000,Strength,<null>,<null>,,1,1754593109518
18636955620,REPLACE_WITH_YOUR_USER_ID,1742930301000,1751562555000,Strength,<null>,<null>,,1,1754593104513
18647002168,REPLACE_WITH_YOUR_USER_ID,1743016772000,1743024200000,Strength,<null>,<null>,,1,1754593099513
18651725089,REPLACE_WITH_YOUR_USER_ID,1743075453000,1743078426000,Strength,<null>,<null>,,1,1754593093525
18675411481,REPLACE_WITH_YOUR_USER_ID,1743288410000,1743294721000,Strength,<null>,<null>,,1,1754593086530
18685064307,REPLACE_WITH_YOUR_USER_ID,1743367184000,1743375703000,Strength,<null>,<null>,,1,1754593081571
18694476491,REPLACE_WITH_YOUR_USER_ID,1743459268000,1743466743000,Strength,<null>,<null>,,1,1754593076524
18704693670,REPLACE_WITH_YOUR_USER_ID,1743548820000,1743553738000,Strength,<null>,<null>,,1,1754593073691
18713106398,REPLACE_WITH_YOUR_USER_ID,1743613551000,1743621373000,Strength,<null>,<null>,,1,1754593071815
18724533866,REPLACE_WITH_YOUR_USER_ID,1743724177000,1763748962000,Strength,<null>,<null>,,1,1754593069407
18731779753,REPLACE_WITH_YOUR_USER_ID,1743788572000,1745388344000,Strength,<null>,<null>,,1,1754593066513
18743006834,REPLACE_WITH_YOUR_USER_ID,1743884597000,1757924341000,Strength,<null>,<null>,,1,1754593059524
18772528666,REPLACE_WITH_YOUR_USER_ID,1744143967000,1744150580000,Strength,<null>,<null>,,1,1754593048513
18781568658,REPLACE_WITH_YOUR_USER_ID,1744226321000,1744229032000,Strength,<null>,<null>,,1,1754593043521
18791732593,REPLACE_WITH_YOUR_USER_ID,1744310793000,1746761936000,Strength,<null>,<null>,,1,1754593038747
18800242488,REPLACE_WITH_YOUR_USER_ID,1744398701000,1744411515000,Strength,<null>,<null>,,1,1754593032525
18810618555,REPLACE_WITH_YOUR_USER_ID,1744489711000,1744495055000,Strength,<null>,<null>,,1,1754593027511
18820341077,REPLACE_WITH_YOUR_USER_ID,1744570141000,1779895905000,Strength,<null>,<null>,,1,1754593022514
18829448701,REPLACE_WITH_YOUR_USER_ID,1744660577000,1744665353000,Strength,<null>,<null>,,1,1754593016067
18839472535,REPLACE_WITH_YOUR_USER_ID,1744744966000,1744820975000,Strength,<null>,<null>,,1,1754593014163
18858195514,REPLACE_WITH_YOUR_USER_ID,1744915254000,1760127501000,Strength,<null>,<null>,,1,1754593009711
18868173715,REPLACE_WITH_YOUR_USER_ID,1745013817000,1745784088000,Strength,<null>,<null>,,1,1754593003524
18877518945,REPLACE_WITH_YOUR_USER_ID,1745097225000,1745103476000,Strength,<null>,<null>,,1,1754592998523
18886753633,REPLACE_WITH_YOUR_USER_ID,1745180564000,1759349229000,Strength,<null>,<null>,,1,1754592991513
18896252724,REPLACE_WITH_YOUR_USER_ID,1745265618000,1745271282000,Strength,<null>,<null>,,1,1754592986521
18906147538,REPLACE_WITH_YOUR_USER_ID,1745349170000,1748057687000,Strength,<null>,<null>,,1,1754592981514
18915642959,REPLACE_WITH_YOUR_USER_ID,1745435288000,1745436603000,Strength,<null>,<null>,,1,1754592976517
18917374392,REPLACE_WITH_YOUR_USER_ID,1745448797000,1745454117000,Strength,<null>,<null>,,1,1754592970523
18925837364,REPLACE_WITH_YOUR_USER_ID,1745520938000,1757801390000,Strength,<null>,<null>,,1,1754592965525
18944995718,REPLACE_WITH_YOUR_USER_ID,1745699087000,1745706996000,Strength,<null>,<null>,,1,1754592958524
18955754727,REPLACE_WITH_YOUR_USER_ID,1745783600000,1745790503000,Strength,<null>,<null>,,1,1754592953516
18964695231,REPLACE_WITH_YOUR_USER_ID,1745866798000,1745874010000,Strength,<null>,<null>,,1,1754592948517
18976649322,REPLACE_WITH_YOUR_USER_ID,1745966133000,1745971506000,Strength,<null>,<null>,,1,1754592943515
18985916400,REPLACE_WITH_YOUR_USER_ID,1746043181000,1746047587000,Strength,<null>,<null>,,1,1754592937519
18996894027,REPLACE_WITH_YOUR_USER_ID,1746125974000,1746132452000,Strength,<null>,<null>,,1,1754592932512
19017578553,REPLACE_WITH_YOUR_USER_ID,1746311798000,1759308572000,Strength,<null>,<null>,,1,1754592923512
19027519714,REPLACE_WITH_YOUR_USER_ID,1746398934000,1746404310000,Strength,<null>,<null>,,1,1754592918523
19035446074,REPLACE_WITH_YOUR_USER_ID,1746471132000,1746475186000,Strength,<null>,<null>,,1,1754592913516
19045624300,REPLACE_WITH_YOUR_USER_ID,1746558458000,1746562292000,Strength,<null>,<null>,,1,1754592908526
19057489263,REPLACE_WITH_YOUR_USER_ID,1746663543000,1746667060000,Strength,<null>,<null>,,1,1754592900517
19066087077,REPLACE_WITH_YOUR_USER_ID,1746734345000,1746736818000,Strength,<null>,<null>,,1,1754592895528
19075832609,REPLACE_WITH_YOUR_USER_ID,1746818598000,1746873177000,Strength,<null>,<null>,,1,1754592890515
19096771337,REPLACE_WITH_YOUR_USER_ID,1747007357000,1747011370000,Strength,<null>,<null>,,1,1754592883513
19106366573,REPLACE_WITH_YOUR_USER_ID,1747089246000,1747092957000,Strength,<null>,<null>,,1,1754592876523
19117372526,REPLACE_WITH_YOUR_USER_ID,1747176978000,1747181496000,Strength,<null>,<null>,,1,1754592871513
19127515600,REPLACE_WITH_YOUR_USER_ID,1747258008000,1747261847000,Strength,<null>,<null>,,1,1754592865522
19137833963,REPLACE_WITH_YOUR_USER_ID,1747351684000,1747354019000,Strength,<null>,<null>,,1,1754592860513
19146259366,REPLACE_WITH_YOUR_USER_ID,1747429404000,1747712085000,Strength,<null>,<null>,,1,1754592855553
19155755195,REPLACE_WITH_YOUR_USER_ID,1747510692000,1747514512000,Strength,<null>,<null>,,1,1754592850526
19167267044,REPLACE_WITH_YOUR_USER_ID,1747608197000,1748586368000,Strength,<null>,<null>,,1,1754592845512
19187867176,REPLACE_WITH_YOUR_USER_ID,1747785795000,1747788526000,Strength,<null>,<null>,,1,1754592838516
19196637757,REPLACE_WITH_YOUR_USER_ID,1747855950000,1747861070000,Strength,<null>,<null>,,1,1754592832515
19206011173,REPLACE_WITH_YOUR_USER_ID,1747939397000,1747946108000,Strength,<null>,<null>,,1,1754592827522
19215295592,REPLACE_WITH_YOUR_USER_ID,1748028741000,1748034336000,Strength,<null>,<null>,,1,1754592822522
19225588539,REPLACE_WITH_YOUR_USER_ID,1748129680000,1748134754000,Strength,<null>,<null>,,1,1754592817520
19245318936,REPLACE_WITH_YOUR_USER_ID,1748295385000,1748299268000,Strength,<null>,<null>,,1,1754592812514
19245318997,REPLACE_WITH_YOUR_USER_ID,1748296892000,1748303533000,Strength,<null>,<null>,,1,1754592809566
19253664935,REPLACE_WITH_YOUR_USER_ID,1748372704000,1748376160000,Strength,<null>,<null>,,1,1754592804519
19272315493,REPLACE_WITH_YOUR_USER_ID,1748537019000,1748539760000,Strength,<null>,<null>,,1,1754592796526
19305226489,REPLACE_WITH_YOUR_USER_ID,1748804335000,1760890810000,Strength,<null>,<null>,,1,1754592787517
19305227259,REPLACE_WITH_YOUR_USER_ID,1748815166000,1748820635000,Strength,<null>,<null>,,1,1754592786521
19314349203,REPLACE_WITH_YOUR_USER_ID,1748888901000,1748896104000,Strength,<null>,<null>,,1,1754592781526
19332930977,REPLACE_WITH_YOUR_USER_ID,1749050960000,1749058782000,Strength,<null>,<null>,,1,1754592776524
19343610420,REPLACE_WITH_YOUR_USER_ID,1749145465000,1749149067000,Strength,<null>,<null>,,1,1754592771513
19354936137,REPLACE_WITH_YOUR_USER_ID,1749256453000,1749259696000,Strength,<null>,<null>,,1,1754592766749
19364470682,REPLACE_WITH_YOUR_USER_ID,1749340206000,1749343783000,Strength,<null>,<null>,,1,1754592760525
19374558365,REPLACE_WITH_YOUR_USER_ID,1749427053000,1749429534000,Strength,<null>,<null>,,1,1754592755519
19415182037,REPLACE_WITH_YOUR_USER_ID,1749759055000,1749764896000,Strength,<null>,<null>,,1,1754592746511
19421580177,REPLACE_WITH_YOUR_USER_ID,1749826309000,1749828688000,Strength,<null>,<null>,,1,1754592745529
19444770480,REPLACE_WITH_YOUR_USER_ID,1750017586000,1750025022000,Strength,<null>,<null>,,1,1754592744525
19476409707,REPLACE_WITH_YOUR_USER_ID,1750287677000,1750293317000,Strength,<null>,<null>,,1,1754592741512
19495479590,REPLACE_WITH_YOUR_USER_ID,1750382361000,1750387014000,Strength,<null>,<null>,,1,1754592738515
19522659576,REPLACE_WITH_YOUR_USER_ID,1750687273000,1756322061000,Strength,<null>,<null>,,1,1754592726519
19525743795,REPLACE_WITH_YOUR_USER_ID,1750718525000,1750721368000,Strength,<null>,<null>,,1,1754592715519
19536213306,REPLACE_WITH_YOUR_USER_ID,1750803289000,1779292548000,Strength,<null>,<null>,,1,1754592710514
19546351618,REPLACE_WITH_YOUR_USER_ID,1750891635000,1750894415000,Strength,<null>,<null>,,1,1754592701526
19555490057,REPLACE_WITH_YOUR_USER_ID,1750969208000,1750975025000,Strength,<null>,<null>,,1,1754592697677
19556123864,REPLACE_WITH_YOUR_USER_ID,1750979758000,1750982876000,Strength,<null>,<null>,,1,1754592696237
19565473327,REPLACE_WITH_YOUR_USER_ID,1751070964000,1751075159000,Strength,<null>,<null>,,1,1754592692516
19584677535,REPLACE_WITH_YOUR_USER_ID,1751224802000,1762463709000,Strength,<null>,<null>,,1,1754592689526
19625078388,REPLACE_WITH_YOUR_USER_ID,1751576963000,1751583245000,Strength,<null>,<null>,,1,1754592680519
19635124221,REPLACE_WITH_YOUR_USER_ID,1751675693000,1751680330000,Strength,<null>,<null>,,1,1754592677519
19654099195,REPLACE_WITH_YOUR_USER_ID,1751832742000,1751839253000,Strength,<null>,<null>,,1,1754592672525
19664230290,REPLACE_WITH_YOUR_USER_ID,1751926030000,1751933801000,Strength,<null>,<null>,,1,1754592667828
19675132861,REPLACE_WITH_YOUR_USER_ID,1752022221000,1752025855000,Strength,<null>,<null>,,1,1754592659512
19685864539,REPLACE_WITH_YOUR_USER_ID,1752105265000,1752111264000,Strength,<null>,<null>,,1,1754592654513
19694867735,REPLACE_WITH_YOUR_USER_ID,1752179147000,1752184109000,Strength,<null>,<null>,,1,1754592649527
19705003342,REPLACE_WITH_YOUR_USER_ID,1752272933000,1752280018000,Strength,<null>,<null>,,1,1754592644525
19714740211,REPLACE_WITH_YOUR_USER_ID,1752355296000,1752361081000,Strength,<null>,<null>,,1,1754592639526
19725659988,REPLACE_WITH_YOUR_USER_ID,1752431124000,1754231631000,Strength,<null>,<null>,,1,1754592634513
19766782535,REPLACE_WITH_YOUR_USER_ID,1752764187000,1763216871000,Strength,<null>,<null>,,1,1754592622526
19777250535,REPLACE_WITH_YOUR_USER_ID,1752887939000,1752888971000,Strength,<null>,<null>,,1,1754592617514
19787234094,REPLACE_WITH_YOUR_USER_ID,1752967862000,1752973065000,Strength,<null>,<null>,,1,1754592610516
19797816515,REPLACE_WITH_YOUR_USER_ID,1753056325000,1753059562000,Strength,<null>,<null>,,1,1754592605521
19807664251,REPLACE_WITH_YOUR_USER_ID,1753138744000,1753143484000,Strength,<null>,<null>,,1,1754592600525
19825161950,REPLACE_WITH_YOUR_USER_ID,1753231692000,1753235767000,Strength,<null>,<null>,,1,1754592594517
19830610314,REPLACE_WITH_YOUR_USER_ID,1753317315000,1753320585000,Strength,<null>,<null>,,1,1754592589522
19840008558,REPLACE_WITH_YOUR_USER_ID,1753404524000,1753407845000,Strength,<null>,<null>,,1,1754592586896
19849846475,REPLACE_WITH_YOUR_USER_ID,1753485524000,1753491918000,Strength,<null>,<null>,,1,1754592584971
19879716707,REPLACE_WITH_YOUR_USER_ID,1753750080000,1781586550000,Strength,<null>,<null>,,1,1754592583039
19889617714,REPLACE_WITH_YOUR_USER_ID,1753819922000,1753827646000,Strength,<null>,<null>,,1,1754592581117
19899744640,REPLACE_WITH_YOUR_USER_ID,1753898625000,1756735705000,Strength,<null>,<null>,,1,1754592577840
19912335866,REPLACE_WITH_YOUR_USER_ID,1754009967000,1754013441000,Strength,<null>,<null>,,1,1754592575839
19940530193,REPLACE_WITH_YOUR_USER_ID,1754178725000,1754182767000,Strength,<null>,<null>,,1,1754592573855
19942423891,REPLACE_WITH_YOUR_USER_ID,1754265122000,1754269143000,Strength,<null>,<null>,,1,1754592571686
19953429831,REPLACE_WITH_YOUR_USER_ID,1754348443000,1754352850000,Strength,<null>,<null>,,1,1754605020779
19965097329,REPLACE_WITH_YOUR_USER_ID,1754438401000,1754443858000,Strength,<null>,<null>,,1,1754684793080
19976473835,REPLACE_WITH_YOUR_USER_ID,1754526010000,1754531466000,Strength,<null>,<null>,,1,1754714759713
19987211115,REPLACE_WITH_YOUR_USER_ID,1754609324000,1754621506000,Strength,<null>,<null>,,1,1754877645587
19997237138,REPLACE_WITH_YOUR_USER_ID,1754699726000,1754704343000,Strength,<null>,<null>,,1,1754877640439
20015507178,REPLACE_WITH_YOUR_USER_ID,1754778928000,1754784993000,Strength,<null>,<null>,,1,1754964049914
20018629144,REPLACE_WITH_YOUR_USER_ID,1754865011000,1754869671000,Strength,<null>,<null>,,1,1755136815026
20028936000,REPLACE_WITH_YOUR_USER_ID,1754951256000,1774650270000,Strength,<null>,<null>,,1,1755136812838
20040467445,REPLACE_WITH_YOUR_USER_ID,1755042804000,1755049270000,Strength,<null>,<null>,,1,1755309647318
20051881148,REPLACE_WITH_YOUR_USER_ID,1755111253000,1755116752000,Strength,<null>,<null>,,1,1755309642837
20072755646,REPLACE_WITH_YOUR_USER_ID,1755216404000,1759941448000,Strength,<null>,<null>,,1,1755396026640
20082258915,REPLACE_WITH_YOUR_USER_ID,1755386991000,1755392253000,Strength,<null>,<null>,,1,1755568841761
20093102399,REPLACE_WITH_YOUR_USER_ID,1755473976000,1755888490000,Strength,<null>,<null>,,1,1755655229457
20103961540,REPLACE_WITH_YOUR_USER_ID,1755565412000,1755569129000,Strength,<null>,<null>,,1,1755828033326
20114798024,REPLACE_WITH_YOUR_USER_ID,1755642354000,1768765598000,Strength,<null>,<null>,,1,1755828028784
20136852856,REPLACE_WITH_YOUR_USER_ID,1755823065000,1755827813000,Strength,<null>,<null>,,1,1756000864218
20146410032,REPLACE_WITH_YOUR_USER_ID,1755904676000,1757179726000,Strength,<null>,<null>,,1,1756087239065
20155838316,REPLACE_WITH_YOUR_USER_ID,1755975613000,1755983235000,Strength,<null>,<null>,,1,1756173652761
20167845436,REPLACE_WITH_YOUR_USER_ID,1756079979000,1756081822000,Strength,<null>,<null>,,1,1756432879087
20175201901,REPLACE_WITH_YOUR_USER_ID,1756140300000,1756143436000,Strength,<null>,<null>,,1,1756605653165
20189121256,REPLACE_WITH_YOUR_USER_ID,1756243539000,1756247047000,Strength,<null>,<null>,,1,1756778470165
20200049227,REPLACE_WITH_YOUR_USER_ID,1756332117000,1756334809000,Strength,<null>,<null>,,1,1756864833247
20210271045,REPLACE_WITH_YOUR_USER_ID,1756414484000,1756418708000,Strength,<null>,<null>,,1,1757037692855
20218552030,REPLACE_WITH_YOUR_USER_ID,1756491427000,1771112313000,Strength,<null>,<null>,,1,1757210434805
20229865895,REPLACE_WITH_YOUR_USER_ID,1756591561000,1756595251000,Strength,<null>,<null>,,1,1757210430640
20240217877,REPLACE_WITH_YOUR_USER_ID,1756666506000,1772004554000,Strength,<null>,<null>,,1,1757469642926
20261730463,REPLACE_WITH_YOUR_USER_ID,1756847705000,1757418868000,Strength,<null>,<null>,,1,1757642421868
20273822440,REPLACE_WITH_YOUR_USER_ID,1756915748000,1756919436000,Strength,<null>,<null>,,1,1757642420904
20306468429,REPLACE_WITH_YOUR_USER_ID,1757182160000,1757186625000,Strength,<null>,<null>,,1,1757728835298
20314546236,REPLACE_WITH_YOUR_USER_ID,1757272295000,1757277892000,Strength,<null>,<null>,,1,1757815270978
20339935618,REPLACE_WITH_YOUR_USER_ID,1757457555000,1766480805000,Strength,<null>,<null>,,1,1757815267656
20344775636,REPLACE_WITH_YOUR_USER_ID,1757510241000,1757513343000,Strength,<null>,<null>,,1,1757815264605
20366042992,REPLACE_WITH_YOUR_USER_ID,1757632334000,1757636048000,Strength,<null>,<null>,,1,1757901667110
20366044040,REPLACE_WITH_YOUR_USER_ID,1757702155000,1757706387000,Strength,<null>,<null>,,1,1757988061573
20386882289,REPLACE_WITH_YOUR_USER_ID,1757871007000,1778872504000,Strength,<null>,<null>,,1,1758333633998
20398070117,REPLACE_WITH_YOUR_USER_ID,1757974506000,1757977765000,Strength,<null>,<null>,,1,1758420063824
20407360024,REPLACE_WITH_YOUR_USER_ID,1758044100000,1758049500000,Strength,<null>,<null>,,1,1758506471822
20419896568,REPLACE_WITH_YOUR_USER_ID,1758149119000,1758152986000,Strength,<null>,<null>,,1,1758679261018
20440962627,REPLACE_WITH_YOUR_USER_ID,1758330504000,1758333635000,Strength,<null>,<null>,,1,1758938450180
20451348850,REPLACE_WITH_YOUR_USER_ID,1758411977000,1767366521000,Strength,<null>,<null>,,1,1758938447928
20460124478,REPLACE_WITH_YOUR_USER_ID,1758482452000,1772450257000,Strength,<null>,<null>,,1,1759024839020
20470796559,REPLACE_WITH_YOUR_USER_ID,1758581254000,1758584440000,Strength,<null>,<null>,,1,1759197673521
20491872436,REPLACE_WITH_YOUR_USER_ID,1758755289000,1791800139000,Strength,<null>,<null>,,1,1759197670953
20501111259,REPLACE_WITH_YOUR_USER_ID,1758832061000,1760011735000,Strength,<null>,<null>,,1,1759284041141
20501112005,REPLACE_WITH_YOUR_USER_ID,1758837532000,1770005582000,Strength,<null>,<null>,,1,1759370449150
20519203043,REPLACE_WITH_YOUR_USER_ID,1758996190000,1758998360000,Strength,<null>,<null>,,1,1759629648063
20547600705,REPLACE_WITH_YOUR_USER_ID,1759191600000,1759194420000,Strength,<null>,<null>,,1,1760320867762
20553077405,REPLACE_WITH_YOUR_USER_ID,1759273549000,1759276865000,Strength,<null>,<null>,,1,1760320865767
20563032474,REPLACE_WITH_YOUR_USER_ID,1759369443000,1759370769000,Strength,<null>,<null>,,1,1760455965809
20579848883,REPLACE_WITH_YOUR_USER_ID,1759514138000,1759515578000,Strength,<null>,<null>,,1,1760752850090
20601185172,REPLACE_WITH_YOUR_USER_ID,1759699150000,1759702193000,Strength,<null>,<null>,,1,1760839219301
20611375409,REPLACE_WITH_YOUR_USER_ID,1759799490000,1759800863000,Strength,<null>,<null>,,1,1760839218078
20641396577,REPLACE_WITH_YOUR_USER_ID,1760031061000,1767815614000,Strength,<null>,<null>,,1,1760839215842
20647085953,REPLACE_WITH_YOUR_USER_ID,1760101738000,1760106817000,Strength,<null>,<null>,,1,1760925620873
20681447562,REPLACE_WITH_YOUR_USER_ID,1760396400000,1760399039000,Strength,<null>,<null>,,1,1761098461709
20681452403,REPLACE_WITH_YOUR_USER_ID,1760308140000,1760308140000,Strength,<null>,<null>,,1,1761012058724
20691768824,REPLACE_WITH_YOUR_USER_ID,1760481856000,1762016256000,Strength,<null>,<null>,,1,1761098459317
20731114444,REPLACE_WITH_YOUR_USER_ID,1760827336000,1760830764000,Strength,<null>,<null>,,1,1761184867057
20738490713,REPLACE_WITH_YOUR_USER_ID,1760838304000,1760839034000,Strength,<null>,<null>,,1,1761271252454
20741274662,REPLACE_WITH_YOUR_USER_ID,1760919919000,1760921266000,Strength,<null>,<null>,,1,1761444045529
20750534387,REPLACE_WITH_YOUR_USER_ID,1761001774000,1761007283000,Strength,<null>,<null>,,1,1761444042957
20760324152,REPLACE_WITH_YOUR_USER_ID,1761086523000,1761089327000,Strength,<null>,<null>,,1,1761530451227
20770525185,REPLACE_WITH_YOUR_USER_ID,1761177573000,1761179679000,Strength,<null>,<null>,,1,1761616848904
20770856153,REPLACE_WITH_YOUR_USER_ID,1761183861000,1761184265000,Strength,<null>,<null>,,1,1761616847988
20776975110,REPLACE_WITH_YOUR_USER_ID,1761236735000,1761241162000,Strength,<null>,<null>,,1,1761876074858
20788174343,REPLACE_WITH_YOUR_USER_ID,1761350931000,1761352848000,Strength,<null>,<null>,,1,1761876072800
20797044446,REPLACE_WITH_YOUR_USER_ID,1761432386000,1761433979000,Strength,<null>,<null>,,1,1761962467153
20807314455,REPLACE_WITH_YOUR_USER_ID,1761511700000,1761515087000,Strength,<null>,<null>,,1,1762480880190
20807394143,REPLACE_WITH_YOUR_USER_ID,1761521327000,1761522140000,Strength,<null>,<null>,,1,1762480878822
20816733061,REPLACE_WITH_YOUR_USER_ID,1761609061000,1761612246000,Strength,<null>,<null>,,1,1762826412596
20826429237,REPLACE_WITH_YOUR_USER_ID,1761691539000,1782690388000,Strength,<null>,<null>,,1,1762999242867
20851195524,REPLACE_WITH_YOUR_USER_ID,1761859647000,1761863405000,Strength,<null>,<null>,,1,1763172036012
20853790134,REPLACE_WITH_YOUR_USER_ID,1761942484000,1761945929000,Strength,<null>,<null>,,1,1763172033353
20862785430,REPLACE_WITH_YOUR_USER_ID,1762024567000,1762028427000,Strength,<null>,<null>,,1,1763172030554
20915355740,REPLACE_WITH_YOUR_USER_ID,1762300373000,1762647493000,Strength,<null>,<null>,,1,1763258429900
20922319106,REPLACE_WITH_YOUR_USER_ID,1762543747000,1762546153000,Strength,<null>,<null>,,1,1763344870535
20953107258,REPLACE_WITH_YOUR_USER_ID,1762823316000,1763784622000,Strength,<null>,<null>,,1,1763431225649
20963200061,REPLACE_WITH_YOUR_USER_ID,1762905761000,1762908113000,Strength,<null>,<null>,,1,1763431223816
20973615092,REPLACE_WITH_YOUR_USER_ID,1762998297000,1763000973000,Strength,<null>,<null>,,1,1763604070513
20991856172,REPLACE_WITH_YOUR_USER_ID,1763174558000,1763458271000,Strength,<null>,<null>,,1,1763776839252
20999118625,REPLACE_WITH_YOUR_USER_ID,1763233952000,1763235457000,Strength,<null>,<null>,,1,1764122447101
21010410185,REPLACE_WITH_YOUR_USER_ID,1763343416000,1763346296000,Gym & Fitness Equipment,<null>,<null>,,1,1764468068933
21019648590,REPLACE_WITH_YOUR_USER_ID,1763429682000,1763432631000,Strength,<null>,<null>,,1,1764813669806
21028987999,REPLACE_WITH_YOUR_USER_ID,1763510072000,1771813117000,Strength,<null>,<null>,,1,1764900062122
21047479412,REPLACE_WITH_YOUR_USER_ID,1763663130000,1763665569000,Strength,<null>,<null>,,1,1765072870129
21064583898,REPLACE_WITH_YOUR_USER_ID,1763853587000,1763858106000,Strength,<null>,<null>,,1,1765332067624
21073908006,REPLACE_WITH_YOUR_USER_ID,1763943468000,1763946280000,Strength,<null>,<null>,,1,1765418443887
21092469628,REPLACE_WITH_YOUR_USER_ID,1764118471000,1778609469000,Strength,<null>,<null>,,1,1765504860986
21126641869,REPLACE_WITH_YOUR_USER_ID,1764459278000,1764461087000,Strength,<null>,<null>,,1,1765677679704
21135395665,REPLACE_WITH_YOUR_USER_ID,1764540624000,1764542309000,Strength,<null>,<null>,,1,1765764048900
21170782472,REPLACE_WITH_YOUR_USER_ID,1764875522000,1764880257000,Strength,<null>,<null>,,1,1765936853365
21180059560,REPLACE_WITH_YOUR_USER_ID,1764981874000,1764985354000,Gym & Fitness Equipment,<null>,<null>,,1,1766196085258
21197409068,REPLACE_WITH_YOUR_USER_ID,1765148505000,1765150725000,Strength Training,<null>,<null>,,1,1766282472265
21223287104,REPLACE_WITH_YOUR_USER_ID,1765394705000,1765396205000,Strength Training,<null>,<null>,,1,1766368873461
21232913777,REPLACE_WITH_YOUR_USER_ID,1765487749000,1765493869000,Strength Training,<null>,<null>,,1,1766455226616
21240200155,REPLACE_WITH_YOUR_USER_ID,1765565100000,1765568880000,Strength Training,<null>,<null>,,1,1767232859292
21259347002,REPLACE_WITH_YOUR_USER_ID,1765755759000,1765760259000,Strength Training,<null>,<null>,,1,1767405638277
21267268692,REPLACE_WITH_YOUR_USER_ID,1765837500000,1765839300000,Strength Training,<null>,<null>,,1,1767492048398
21285310396,REPLACE_WITH_YOUR_USER_ID,1766011051000,1766012851000,Strength Training,<null>,<null>,,1,1767578430963
21310574919,REPLACE_WITH_YOUR_USER_ID,1766279700000,1766282400000,Strength Training,<null>,<null>,,1,1767688008960
21318937893,REPLACE_WITH_YOUR_USER_ID,1766359320000,1766362800000,Strength Training,<null>,<null>,,1,1767837671588
21327021248,REPLACE_WITH_YOUR_USER_ID,1766443800000,1766449800000,Strength Training,<null>,<null>,,1,1767837669055
21336138246,REPLACE_WITH_YOUR_USER_ID,1766536218000,1766537718000,Strength Training,<null>,<null>,,1,1768269680419
21412343487,REPLACE_WITH_YOUR_USER_ID,1767307800000,1767315000000,Strength Training,<null>,<null>,,1,1768615270390
21425913342,REPLACE_WITH_YOUR_USER_ID,1767434952000,1767440952000,Strength Training,<null>,<null>,,1,1768960863646
21436115694,REPLACE_WITH_YOUR_USER_ID,1767522600000,1767526200000,Strength Training,<null>,<null>,,1,1768960862012
21450486010,REPLACE_WITH_YOUR_USER_ID,1767646613000,1767650813000,Strength Training,<null>,<null>,,1,1768960859962
21461518676,REPLACE_WITH_YOUR_USER_ID,1767733200000,1767738300000,Strength Training,<null>,<null>,,1,1769047255712
21482121494,REPLACE_WITH_YOUR_USER_ID,1767905460000,1767909960000,Strength Training,<null>,<null>,,1,1769133674786
21483691651,REPLACE_WITH_YOUR_USER_ID,1767916213000,1767917293000,Strength Training,<null>,<null>,,1,1769565653948
21533546972,REPLACE_WITH_YOUR_USER_ID,1768339532000,1768344452000,Strength Training,<null>,<null>,,1,1769738478051
21576360032,REPLACE_WITH_YOUR_USER_ID,1768514400000,1768518000000,Strength Training,<null>,<null>,,1,1769824842528
21615059100,REPLACE_WITH_YOUR_USER_ID,1768797600000,1768801200000,Strength Training,<null>,<null>,,1,1769911258976
21615071129,REPLACE_WITH_YOUR_USER_ID,1768965600000,1768969200000,Strength Training,<null>,<null>,,1,1769997656138
21624395101,REPLACE_WITH_YOUR_USER_ID,1769036400000,1769039124000,Strength Training,<null>,<null>,,1,1771639306389
21634709959,REPLACE_WITH_YOUR_USER_ID,1769122440000,1769127780000,Strength Training,<null>,<null>,,1,1771639300471
21643722478,REPLACE_WITH_YOUR_USER_ID,1769204220000,1769209140000,Strength Training,<null>,<null>,,1,1771639293642
21694450837,REPLACE_WITH_YOUR_USER_ID,1769629620000,1769634660000,Strength Training,<null>,<null>,,1,1778205624310
21715159932,REPLACE_WITH_YOUR_USER_ID,1769731260000,1769734860000,Strength Training,<null>,<null>,,1,1778205623896
21725004111,REPLACE_WITH_YOUR_USER_ID,1769900090000,1769909285000,Strength Training,<null>,<null>,,1,1778205619521
21736108690,REPLACE_WITH_YOUR_USER_ID,1769970240000,1769973540000,Strength Training,<null>,<null>,,1,1778205617955
21743397097,REPLACE_WITH_YOUR_USER_ID,1770057840000,1770061800000,Strength Training,<null>,<null>,,1,1778205616012
